ID,Production
1,0.02
2,0.07
3,0.22
4,0.39
5,0.41
6,0.25
7,0.11
8,0.22
9,0.13
10,0.2
11,0.27
12,1.25
13,1.68
14,1.17
15,0.88
16,0.61
17,0.46
18,0.36
19,0.1
20,0.17
21,0.24
22,1.11
23,0.93
24,1.29
25,2.0
26,2.36
27,2.97
28,2.4
29,2.74
30,2.81
31,2.32
32,2.04
33,2.69
34,2.41
35,2.36
36,2.29
37,2.37
38,3.03
39,4.09
40,4.04
41,3.94
42,4.07
43,4.59
44,4.26
45,4.56
46,6.66
47,6.67
48,6.41
49,6.4
50,5.95
51,5.39
52,5.11
53,5.03
54,7.18
55,6.64
56,7.05
57,6.96
58,6.63
59,6.28
60,8.3
61,9.0
62,9.4
63,9.13
64,9.5
65,9.49
66,9.31
67,9.44
68,9.46
69,9.52
70,9.41
71,8.89
72,8.68
73,9.01
74,7.99
75,6.89
76,6.55
77,5.47
78,5.81
79,3.17
80,2.0
81,1.28
82,1.11
83,0.91
84,0.74
85,0.64
86,1.06
87,0.9
88,0.4
89,0.63
90,0.72
91,0.92
92,2.06
93,2.14
94,1.47
95,1.0
96,1.48
97,0.31
98,0.18
99,0.28
100,0.0
101,0.04
102,0.02
103,0.02
104,0.03
105,0.03
106,0.0
107,0.07
108,0.21
109,0.48
110,0.74
111,0.77
112,0.66
113,0.11
114,0.11
115,0.0
116,0.0
117,0.0
118,0.0
119,0.0
120,0.04
121,0.11
122,0.12
123,0.0
124,0.0
125,0.0
126,0.0
127,0.0
128,0.0
129,0.0
130,0.0
131,0.0
132,0.0
133,0.03
134,0.07
135,0.05
136,0.07
137,0.07
138,0.45
139,0.0
140,0.3
141,0.13
142,0.0
143,0.0
144,0.0
145,0.0
146,0.0
147,0.0
148,0.0
149,0.0
150,0.0
151,0.0
152,0.0
153,0.0
154,0.0
155,0.04
156,0.16
157,0.34
158,0.31
159,0.32
160,0.27
161,0.0
162,0.34
163,0.0
164,0.0
165,0.0
166,0.0
167,0.01
168,0.03
169,0.03
170,0.03
171,0.11
172,0.0
173,0.0
174,0.0
175,0.0
176,0.0
177,0.0
178,0.01
179,0.0
180,0.0
181,0.5
182,0.59
183,0.58
184,0.53
185,0.21
186,0.04
187,0.0
188,0.13
189,2.15
190,2.0
191,3.03
192,2.88
193,2.98
194,2.15
195,2.21
196,2.51
197,2.31
198,1.47
199,1.82
200,1.05
201,0.93
202,0.48
203,0.16
204,0.04
205,0.02
206,0.04
207,1.47
208,0.91
209,0.93
210,0.6
211,0.01
212,0.0
213,0.0
214,0.11
215,0.0
216,0.0
217,0.21
218,1.91
219,3.25
220,5.63
221,6.26
222,3.9
223,2.47
224,2.49
225,2.12
226,2.37
227,2.54
228,2.36
229,1.69
230,2.5
231,3.52
232,4.94
233,7.14
234,6.99
235,6.39
236,7.96
237,7.74
238,7.14
239,6.52
240,5.13
241,3.74
242,3.64
243,3.83
244,2.48
245,1.9
246,1.58
247,0.23
248,0.02
249,0.03
250,0.0
251,0.0
252,0.42
253,0.46
254,0.43
255,0.48
256,0.33
257,0.31
258,0.39
259,0.36
260,0.18
261,0.04
262,0.0
263,0.01
264,0.14
265,0.2
266,0.65
267,0.64
268,0.25
269,0.17
270,0.1
271,0.38
272,1.03
273,2.02
274,2.87
275,3.72
276,4.26
277,3.92
278,4.05
279,5.41
280,4.77
281,4.68
282,3.87
283,3.91
284,2.97
285,2.83
286,0.96
287,0.44
288,0.77
289,0.59
290,2.06
291,3.6
292,3.25
293,3.35
294,5.01
295,6.7
296,7.67
297,8.87
298,8.72
299,8.68
300,9.76
301,9.69
302,9.52
303,9.8
304,9.25
305,9.23
306,8.57
307,7.84
308,5.27
309,4.78
310,3.72
311,3.05
312,2.34
313,2.25
314,2.35
315,2.09
316,1.0
317,3.14
318,4.95
319,4.31
320,2.28
321,3.08
322,4.32
323,3.06
324,4.31
325,5.08
326,4.28
327,3.76
328,1.93
329,0.79
330,1.49
331,3.3
332,3.41
333,2.3
334,2.38
335,3.06
336,2.36
337,2.5
338,1.3
339,2.12
340,1.81
341,1.91
342,1.59
343,1.6
344,1.94
345,3.15
346,3.96
347,4.35
348,2.68
349,1.34
350,4.63
351,8.65
352,6.44
353,4.65
354,6.79
355,5.87
356,4.95
357,3.16
358,6.11
359,5.3
360,3.35
361,3.78
362,3.06
363,4.54
364,3.65
365,5.12
366,2.22
367,3.11
368,3.3
369,5.26
370,7.12
371,6.58
372,5.29
373,4.56
374,1.51
375,1.67
376,3.53
377,2.15
378,1.08
379,2.08
380,3.89
381,3.24
382,2.21
383,0.44
384,0.89
385,0.75
386,0.16
387,0.08
388,0.84
389,0.5
390,0.74
391,0.54
392,0.18
393,0.01
394,0.0
395,0.0
396,0.04
397,0.11
398,0.14
399,0.03
400,0.32
401,0.64
402,0.4
403,0.21
404,0.15
405,0.0
406,0.04
407,0.04
408,0.0
409,0.0
410,0.0
411,0.0
412,0.03
413,0.05
414,0.0
415,0.0
416,0.0
417,0.0
418,0.0
419,0.1
420,0.09
421,0.02
422,0.12
423,0.32
424,0.11
425,0.66
426,0.59
427,0.02
428,0.0
429,0.0
430,0.0
431,0.0
432,0.0
433,0.0
434,0.0
435,0.0
436,0.02
437,0.32
438,0.85
439,0.47
440,0.18
441,0.01
442,0.0
443,0.0
444,0.0
445,0.08
446,0.09
447,0.06
448,0.0
449,0.04
450,0.22
451,0.0
452,0.04
453,0.53
454,1.71
455,0.43
456,0.34
457,0.0
458,0.0
459,0.05
460,0.0
461,0.0
462,0.0
463,0.0
464,0.0
465,0.0
466,0.01
467,0.02
468,0.07
469,0.11
470,0.39
471,0.49
472,0.16
473,0.05
474,0.04
475,0.0
476,0.0
477,0.0
478,0.0
479,0.0
480,0.0
481,0.01
482,0.0
483,0.0
484,0.05
485,0.05
486,0.02
487,0.0
488,0.0
489,0.0
490,0.0
491,0.0
492,0.01
493,1.06
494,1.76
495,0.15
496,0.07
497,0.12
498,0.0
499,0.0
500,0.0
501,0.0
502,0.05
503,0.09
504,0.31
505,0.76
506,0.08
507,0.0
508,0.0
509,0.0
510,0.0
511,0.0
512,0.0
513,0.0
514,0.0
515,0.02
516,0.21
517,0.27
518,0.27
519,0.41
520,0.4
521,0.07
522,0.04
523,0.03
524,0.01
525,0.0
526,0.05
527,0.02
528,0.0
529,0.0
530,0.0
531,0.0
532,0.0
533,0.0
534,0.0
535,0.0
536,0.0
537,0.0
538,0.0
539,0.0
540,0.01
541,0.2
542,0.19
543,0.14
544,0.03
545,0.01
546,0.11
547,0.03
548,0.16
549,0.04
550,0.01
551,0.0
552,0.0
553,0.0
554,0.0
555,0.0
556,0.0
557,0.0
558,0.0
559,0.0
560,0.0
561,0.0
562,0.0
563,0.0
564,0.1
565,0.2
566,0.31
567,0.24
568,0.18
569,0.08
570,0.0
571,0.0
572,0.0
573,0.0
574,0.0
575,0.0
576,0.0
577,0.0
578,0.0
579,0.0
580,0.0
581,0.0
582,0.0
583,0.0
584,0.0
585,0.0
586,0.21
587,0.18
588,0.02
589,0.01
590,0.16
591,0.01
592,0.02
593,0.26
594,1.23
595,0.08
596,0.0
597,0.0
598,0.0
599,0.0
600,0.0
601,0.01
602,0.0
603,0.01
604,0.21
605,0.02
606,0.0
607,0.04
608,0.81
609,0.41
610,0.15
611,1.0
612,3.73
613,4.56
614,5.03
615,7.55
616,7.73
617,9.97
618,9.56
619,2.66
620,1.88
621,0.58
622,0.02
623,0.29
624,0.35
625,0.71
626,0.22
627,0.01
628,0.17
629,0.04
630,0.0
631,0.11
632,0.0
633,0.0
634,0.59
635,5.02
636,9.06
637,8.98
638,6.35
639,2.98
640,0.98
641,0.7
642,0.26
643,0.0
644,0.0
645,0.34
646,3.63
647,1.78
648,0.23
649,0.2
650,1.55
651,6.02
652,3.41
653,1.12
654,6.61
655,5.39
656,5.11
657,6.13
658,4.34
659,6.06
660,7.55
661,5.9
662,4.67
663,5.13
664,5.09
665,5.33
666,3.19
667,2.52
668,2.29
669,2.36
670,1.64
671,1.46
672,1.74
673,2.09
674,1.98
675,1.6
676,1.06
677,1.05
678,1.18
679,0.44
680,1.06
681,0.98
682,0.59
683,0.23
684,0.54
685,0.78
686,0.66
687,0.24
688,0.33
689,0.23
690,0.05
691,0.0
692,0.0
693,0.0
694,0.0
695,0.0
696,0.0
697,0.0
698,0.0
699,0.0
700,0.03
701,0.04
702,0.01
703,0.0
704,0.06
705,0.0
706,0.03
707,0.01
708,0.31
709,0.12
710,0.01
711,0.0
712,0.06
713,0.0
714,0.03
715,0.08
716,0.09
717,0.0
718,0.26
719,0.1
720,0.03
721,0.1
722,0.43
723,0.14
724,0.03
725,0.15
726,0.14
727,0.08
728,0.01
729,0.0
730,0.01
731,0.13
732,0.11
733,0.29
734,0.34
735,0.37
736,0.29
737,0.17
738,0.01
739,0.0
740,0.0
741,0.0
742,0.01
743,0.0
744,0.0
745,0.03
746,0.0
747,0.0
748,0.0
749,0.0
750,0.0
751,0.0
752,0.0
753,0.0
754,0.01
755,0.0
756,0.15
757,0.92
758,1.13
759,0.99
760,0.8
761,1.44
762,1.58
763,0.97
764,0.31
765,0.08
766,0.55
767,0.84
768,0.5
769,0.19
770,0.09
771,0.04
772,0.17
773,0.15
774,0.0
775,0.0
776,0.0
777,0.0
778,0.0
779,0.11
780,0.44
781,0.49
782,1.09
783,0.87
784,1.06
785,0.98
786,0.5
787,0.01
788,0.0
789,0.0
790,0.0
791,0.0
792,0.0
793,0.01
794,0.0
795,0.0
796,0.0
797,0.0
798,0.01
799,0.08
800,0.05
801,0.02
802,0.04
803,0.26
804,1.85
805,1.56
806,0.14
807,0.0
808,0.02
809,0.0
810,0.0
811,0.0
812,0.0
813,0.0
814,0.0
815,0.01
816,0.06
817,0.03
818,0.02
819,0.0
820,0.0
821,0.0
822,0.0
823,0.0
824,0.03
825,0.0
826,0.01
827,0.1
828,0.23
829,0.16
830,0.21
831,0.09
832,0.22
833,0.18
834,0.07
835,0.08
836,0.11
837,0.04
838,0.0
839,0.0
840,0.0
841,0.0
842,0.0
843,0.0
844,0.0
845,0.0
846,0.0
847,0.0
848,0.0
849,0.0
850,0.02
851,0.36
852,0.74
853,0.65
854,1.23
855,2.91
856,2.6
857,2.53
858,2.26
859,0.92
860,1.03
861,1.04
862,1.37
863,2.97
864,2.36
865,2.4
866,2.64
867,2.84
868,1.96
869,0.98
870,0.42
871,0.0
872,0.0
873,0.64
874,1.4
875,1.51
876,1.17
877,1.12
878,1.06
879,0.88
880,0.67
881,0.53
882,0.38
883,0.16
884,0.0
885,0.01
886,0.0
887,0.01
888,0.0
889,0.75
890,0.11
891,0.01
892,0.05
893,0.04
894,0.12
895,0.17
896,0.31
897,1.24
898,1.74
899,0.62
900,1.24
901,0.11
902,0.01
903,0.0
904,0.0
905,0.0
906,0.0
907,0.0
908,0.0
909,0.0
910,0.0
911,0.0
912,0.0
913,0.01
914,0.12
915,0.22
916,0.42
917,0.29
918,0.1
919,0.0
920,0.0
921,0.02
922,0.07
923,0.05
924,0.02
925,0.98
926,0.68
927,0.94
928,1.23
929,0.82
930,0.86
931,0.5
932,0.05
933,0.06
934,0.0
935,0.0
936,0.0
937,0.0
938,0.0
939,0.0
940,0.0
941,0.0
942,0.04
943,0.03
944,0.03
945,0.1
946,0.14
947,0.42
948,0.54
949,0.58
950,0.71
951,1.38
952,1.46
953,0.9
954,1.19
955,1.01
956,1.56
957,1.1
958,1.49
959,1.0
960,1.12
961,1.53
962,1.72
963,1.31
964,1.25
965,2.6
966,2.71
967,2.23
968,1.19
969,0.51
970,0.48
971,2.44
972,1.52
973,1.4
974,2.0
975,2.04
976,1.57
977,0.29
978,0.03
979,0.03
980,0.0
981,0.0
982,0.47
983,1.86
984,2.41
985,1.53
986,1.71
987,0.05
988,0.14
989,4.25
990,4.87
991,3.65
992,2.3
993,0.62
994,0.0
995,0.65
996,1.39
997,2.5
998,5.44
999,4.81
1000,4.18
1001,3.8
1002,2.6
1003,0.74
1004,0.22
1005,0.0
1006,0.01
1007,0.01
1008,0.2
1009,0.44
1010,0.62
1011,0.55
1012,0.48
1013,0.15
1014,0.0
1015,0.0
1016,0.0
1017,0.01
1018,0.02
1019,0.18
1020,0.33
1021,0.69
1022,1.35
1023,1.03
1024,1.17
1025,1.24
1026,0.76
1027,0.34
1028,0.09
1029,0.02
1030,0.06
1031,1.49
1032,1.72
1033,1.67
1034,1.7
1035,2.21
1036,3.3
1037,4.0
1038,4.61
1039,4.08
1040,4.61
1041,7.61
1042,7.7
1043,9.41
1044,9.92
1045,9.63
1046,9.62
1047,9.49
1048,9.51
1049,9.63
1050,9.64
1051,8.02
1052,7.45
1053,7.4
1054,7.43
1055,7.39
1056,7.24
1057,6.96
1058,6.91
1059,6.66
1060,6.54
1061,6.24
1062,5.98
1063,5.66
1064,6.2
1065,5.67
1066,5.9
1067,6.49
1068,7.04
1069,6.39
1070,7.0
1071,7.21
1072,8.45
1073,9.13
1074,9.65
1075,9.21
1076,9.47
1077,8.9
1078,8.66
1079,8.62
1080,7.33
1081,6.19
1082,5.49
1083,5.69
1084,4.97
1085,3.91
1086,3.46
1087,2.5
1088,2.29
1089,1.68
1090,1.46
1091,0.79
1092,0.71
1093,0.46
1094,0.91
1095,1.08
1096,0.68
1097,1.43
1098,2.11
1099,2.53
1100,2.46
1101,4.15
1102,5.39
1103,4.35
1104,4.72
1105,4.81
1106,3.66
1107,4.92
1108,4.48
1109,3.2
1110,1.11
1111,1.21
1112,1.24
1113,0.65
1114,0.46
1115,0.26
1116,0.61
1117,0.9
1118,1.3
1119,1.35
1120,1.42
1121,1.58
1122,1.59
1123,1.0
1124,1.02
1125,3.52
1126,3.79
1127,4.63
1128,5.99
1129,6.68
1130,7.45
1131,7.36
1132,7.09
1133,5.8
1134,4.56
1135,5.15
1136,6.74
1137,8.66
1138,8.0
1139,6.61
1140,6.85
1141,6.14
1142,6.76
1143,5.5
1144,4.69
1145,5.46
1146,5.94
1147,5.28
1148,4.47
1149,6.51
1150,9.0
1151,9.76
1152,8.24
1153,8.04
1154,6.36
1155,9.61
1156,8.4
1157,8.31
1158,8.99
1159,9.14
1160,8.84
1161,9.02
1162,8.21
1163,7.27
1164,6.46
1165,5.26
1166,4.89
1167,4.11
1168,4.5
1169,5.62
1170,6.55
1171,7.65
1172,7.06
1173,6.63
1174,6.75
1175,5.46
1176,6.39
1177,5.58
1178,4.66
1179,4.12
1180,4.04
1181,3.05
1182,2.7
1183,1.96
1184,1.06
1185,0.21
1186,0.02
1187,0.0
1188,0.0
1189,0.0
1190,0.18
1191,0.25
1192,0.02
1193,0.01
1194,0.36
1195,0.18
1196,0.02
1197,0.09
1198,0.29
1199,0.04
1200,0.28
1201,0.56
1202,0.32
1203,0.06
1204,0.01
1205,0.0
1206,0.0
1207,0.02
1208,0.03
1209,0.09
1210,0.21
1211,0.69
1212,1.74
1213,2.29
1214,1.86
1215,1.07
1216,0.51
1217,0.4
1218,0.05
1219,0.01
1220,0.0
1221,0.0
1222,0.0
1223,0.0
1224,0.0
1225,0.0
1226,0.0
1227,0.0
1228,0.0
1229,0.0
1230,0.0
1231,0.0
1232,0.0
1233,0.0
1234,0.08
1235,0.23
1236,0.18
1237,0.24
1238,0.41
1239,0.54
1240,0.33
1241,0.09
1242,0.06
1243,0.08
1244,0.06
1245,0.2
1246,0.0
1247,2.2
1248,4.89
1249,6.81
1250,7.76
1251,9.17
1252,9.26
1253,9.26
1254,9.6
1255,10.04
1256,9.72
1257,9.82
1258,9.95
1259,9.89
1260,9.52
1261,7.71
1262,9.45
1263,9.5
1264,8.38
1265,7.85
1266,9.0
1267,9.29
1268,9.52
1269,9.53
1270,9.62
1271,9.23
1272,7.96
1273,7.53
1274,5.94
1275,5.09
1276,4.71
1277,4.81
1278,4.71
1279,3.99
1280,3.36
1281,1.65
1282,1.02
1283,0.25
1284,0.0
1285,0.15
1286,0.15
1287,0.3
1288,0.47
1289,0.29
1290,0.19
1291,0.47
1292,0.79
1293,1.36
1294,2.33
1295,2.64
1296,2.74
1297,3.23
1298,2.23
1299,2.61
1300,2.51
1301,2.92
1302,2.35
1303,1.09
1304,0.71
1305,0.25
1306,0.05
1307,0.0
1308,0.03
1309,0.26
1310,0.85
1311,1.03
1312,1.97
1313,1.01
1314,0.14
1315,0.22
1316,0.09
1317,0.09
1318,0.01
1319,0.17
1320,1.08
1321,1.74
1322,1.98
1323,2.01
1324,2.08
1325,2.16
1326,1.66
1327,1.59
1328,2.29
1329,0.87
1330,1.26
1331,1.05
1332,0.94
1333,0.99
1334,0.47
1335,0.04
1336,2.08
1337,2.68
1338,1.69
1339,1.59
1340,0.92
1341,0.31
1342,0.13
1343,0.11
1344,0.07
1345,0.01
1346,0.0
1347,0.0
1348,0.0
1349,0.0
1350,0.0
1351,0.0
1352,0.0
1353,0.0
1354,0.0
1355,0.04
1356,0.12
1357,0.34
1358,0.33
1359,0.35
1360,0.75
1361,0.96
1362,0.51
1363,0.26
1364,0.09
1365,0.05
1366,0.06
1367,0.01
1368,0.0
1369,0.0
1370,0.0
1371,0.0
1372,0.0
1373,0.0
1374,0.0
1375,0.0
1376,0.0
1377,0.0
1378,0.02
1379,0.15
1380,0.7
1381,1.68
1382,1.61
1383,1.72
1384,2.81
1385,1.99
1386,2.74
1387,2.76
1388,2.4
1389,1.87
1390,2.35
1391,2.2
1392,4.51
1393,6.05
1394,5.02
1395,4.79
1396,4.23
1397,3.95
1398,3.23
1399,2.64
1400,0.43
1401,0.0
1402,0.0
1403,0.0
1404,0.02
1405,0.04
1406,0.15
1407,0.89
1408,5.28
1409,7.82
1410,6.03
1411,3.62
1412,2.03
1413,1.75
1414,2.19
1415,1.47
1416,0.5
1417,0.46
1418,0.13
1419,0.01
1420,0.0
1421,0.0
1422,0.0
1423,0.02
1424,0.0
1425,0.0
1426,0.04
1427,0.31
1428,0.35
1429,0.23
1430,0.13
1431,0.1
1432,0.59
1433,0.65
1434,0.34
1435,0.02
1436,0.02
1437,0.0
1438,0.0
1439,0.0
1440,0.0
1441,0.0
1442,0.0
1443,0.0
1444,0.0
1445,0.0
1446,0.0
1447,0.0
1448,0.0
1449,0.0
1450,0.0
1451,0.0
1452,0.16
1453,0.58
1454,0.35
1455,0.14
1456,0.04
1457,0.03
1458,0.0
1459,0.0
1460,0.0
1461,0.0
1462,0.0
1463,0.0
1464,0.0
1465,0.0
1466,0.0
1467,0.0
1468,0.0
1469,0.0
1470,0.0
1471,0.0
1472,0.0
1473,0.03
1474,0.12
1475,0.0
1476,0.13
1477,0.3
1478,0.33
1479,0.24
1480,0.19
1481,0.05
1482,0.01
1483,0.02
1484,0.0
1485,0.0
1486,0.0
1487,0.02
1488,0.11
1489,0.45
1490,0.8
1491,0.28
1492,0.03
1493,0.02
1494,0.0
1495,0.0
1496,0.0
1497,0.0
1498,0.01
1499,0.3
1500,0.69
1501,1.06
1502,1.03
1503,0.68
1504,0.11
1505,0.12
1506,0.05
1507,0.0
1508,0.0
1509,0.0
1510,0.0
1511,0.0
1512,0.0
1513,0.0
1514,0.0
1515,0.0
1516,0.0
1517,0.0
1518,0.0
1519,0.0
1520,0.0
1521,0.0
1522,0.01
1523,0.16
1524,0.26
1525,0.11
1526,0.53
1527,0.82
1528,0.09
1529,0.0
1530,0.0
1531,0.06
1532,0.06
1533,0.35
1534,0.68
1535,0.41
1536,0.07
1537,0.04
1538,0.0
1539,0.0
1540,0.0
1541,0.0
1542,0.0
1543,0.0
1544,0.0
1545,0.0
1546,0.0
1547,0.88
1548,0.87
1549,0.21
1550,1.05
1551,1.65
1552,1.33
1553,2.5
1554,3.28
1555,3.29
1556,2.06
1557,0.79
1558,2.03
1559,1.0
1560,0.0
1561,0.19
1562,0.84
1563,0.97
1564,0.0
1565,0.01
1566,1.15
1567,2.35
1568,0.53
1569,0.52
1570,0.67
1571,1.63
1572,1.58
1573,1.56
1574,1.88
1575,2.83
1576,3.55
1577,5.1
1578,4.53
1579,5.14
1580,4.67
1581,3.74
1582,4.13
1583,4.06
1584,3.72
1585,3.61
1586,4.08
1587,2.37
1588,3.09
1589,2.47
1590,4.78
1591,4.1
1592,5.07
1593,7.91
1594,8.3
1595,8.5
1596,7.73
1597,7.04
1598,6.5
1599,6.7
1600,7.31
1601,6.35
1602,5.71
1603,4.58
1604,4.49
1605,5.22
1606,6.1
1607,5.23
1608,4.84
1609,5.9
1610,4.63
1611,4.38
1612,3.56
1613,3.74
1614,2.72
1615,2.26
1616,2.71
1617,1.63
1618,1.17
1619,1.13
1620,1.37
1621,2.04
1622,2.46
1623,2.83
1624,3.43
1625,3.51
1626,3.58
1627,2.4
1628,2.45
1629,3.41
1630,2.88
1631,2.97
1632,4.0
1633,3.35
1634,2.14
1635,1.51
1636,1.52
1637,0.99
1638,0.88
1639,0.54
1640,0.93
1641,0.43
1642,0.02
1643,0.01
1644,0.0
1645,0.05
1646,0.16
1647,0.77
1648,1.91
1649,1.92
1650,1.84
1651,2.56
1652,2.38
1653,2.25
1654,2.44
1655,3.3
1656,3.85
1657,3.43
1658,2.42
1659,1.6
1660,1.88
1661,1.97
1662,1.24
1663,1.14
1664,0.7
1665,0.06
1666,0.0
1667,0.0
1668,0.18
1669,0.38
1670,1.12
1671,1.45
1672,0.83
1673,0.88
1674,2.03
1675,1.4
1676,0.61
1677,1.19
1678,2.19
1679,3.34
1680,4.01
1681,4.13
1682,4.29
1683,4.25
1684,3.97
1685,3.84
1686,2.79
1687,2.11
1688,2.0
1689,2.97
1690,3.35
1691,3.69
1692,3.45
1693,3.52
1694,2.25
1695,2.19
1696,4.53
1697,2.66
1698,1.34
1699,2.67
1700,4.96
1701,3.69
1702,3.07
1703,3.87
1704,4.06
1705,4.08
1706,3.74
1707,4.31
1708,5.24
1709,5.19
1710,4.88
1711,5.41
1712,8.23
1713,7.34
1714,6.98
1715,5.24
1716,4.02
1717,4.29
1718,3.31
1719,1.54
1720,0.94
1721,1.01
1722,1.08
1723,1.59
1724,2.56
1725,1.92
1726,2.55
1727,2.3
1728,1.92
1729,1.88
1730,1.49
1731,0.75
1732,0.95
1733,0.63
1734,0.64
1735,0.35
1736,0.11
1737,0.02
1738,0.13
1739,0.6
1740,0.45
1741,0.26
1742,0.27
1743,0.31
1744,0.94
1745,1.02
1746,1.37
1747,1.19
1748,1.1
1749,0.51
1750,0.06
1751,0.08
1752,0.0
1753,0.0
1754,0.0
1755,0.0
1756,0.0
1757,0.01
1758,0.04
1759,0.01
1760,0.01
1761,0.0
1762,0.0
1763,0.0
1764,0.02
1765,0.6
1766,0.92
1767,0.69
1768,0.51
1769,0.05
1770,0.0
1771,0.05
1772,0.01
1773,0.0
1774,0.0
1775,0.0
1776,0.0
1777,0.0
1778,0.03
1779,0.25
1780,0.02
1781,0.65
1782,0.28
1783,0.0
1784,0.0
1785,0.0
1786,0.02
1787,0.39
1788,0.4
1789,0.32
1790,0.49
1791,1.19
1792,0.53
1793,0.16
1794,0.08
1795,0.01
1796,0.0
1797,0.0
1798,0.0
1799,0.0
1800,0.0
1801,0.0
1802,0.0
1803,0.0
1804,0.08
1805,1.15
1806,2.8
1807,0.92
1808,0.02
1809,0.0
1810,0.0
1811,0.07
1812,0.07
1813,0.44
1814,0.78
1815,0.19
1816,0.25
1817,0.46
1818,0.28
1819,0.12
1820,0.16
1821,0.04
1822,0.0
1823,0.0
1824,0.0
1825,0.0
1826,0.0
1827,0.01
1828,0.23
1829,0.0
1830,0.0
1831,0.0
1832,0.03
1833,0.02
1834,0.37
1835,0.31
1836,0.67
1837,2.17
1838,2.49
1839,1.38
1840,0.79
1841,1.5
1842,3.63
1843,4.05
1844,5.18
1845,6.41
1846,5.86
1847,6.38
1848,5.98
1849,6.12
1850,5.94
1851,7.38
1852,7.53
1853,7.88
1854,6.35
1855,7.26
1856,5.65
1857,5.81
1858,6.74
1859,6.41
1860,6.06
1861,5.79
1862,6.02
1863,5.05
1864,3.23
1865,2.28
1866,2.12
1867,0.93
1868,0.22
1869,0.88
1870,1.48
1871,2.05
1872,2.95
1873,2.94
1874,2.82
1875,1.99
1876,0.4
1877,0.54
1878,0.74
1879,0.4
1880,0.26
1881,0.02
1882,0.0
1883,0.03
1884,0.09
1885,0.01
1886,0.72
1887,1.1
1888,0.58
1889,0.29
1890,0.36
1891,0.09
1892,0.04
1893,1.28
1894,1.18
1895,0.24
1896,0.0
1897,0.01
1898,0.06
1899,0.14
1900,0.48
1901,0.23
1902,0.09
1903,0.08
1904,0.0
1905,0.0
1906,0.0
1907,0.0
1908,0.42
1909,0.4
1910,0.74
1911,0.73
1912,0.96
1913,1.18
1914,0.11
1915,0.07
1916,0.04
1917,0.0
1918,0.0
1919,0.0
1920,0.06
1921,0.13
1922,0.48
1923,0.48
1924,0.79
1925,0.65
1926,0.2
1927,0.0
1928,0.0
1929,0.0
1930,0.0
1931,0.02
1932,0.24
1933,0.54
1934,1.14
1935,1.18
1936,1.09
1937,0.84
1938,0.93
1939,0.73
1940,0.04
1941,0.0
1942,0.0
1943,0.65
1944,3.27
1945,0.64
1946,0.01
1947,0.5
1948,0.63
1949,0.0
1950,0.03
1951,0.33
1952,1.15
1953,2.3
1954,3.34
1955,3.66
1956,3.15
1957,2.3
1958,1.44
1959,3.85
1960,4.93
1961,5.56
1962,5.54
1963,5.25
1964,0.54
1965,0.79
1966,1.99
1967,3.21
1968,3.3
1969,4.43
1970,4.16
1971,3.46
1972,3.88
1973,3.49
1974,3.11
1975,2.44
1976,2.94
1977,3.96
1978,4.27
1979,3.81
1980,3.29
1981,3.84
1982,6.11
1983,5.33
1984,4.26
1985,4.71
1986,3.51
1987,2.08
1988,1.8
1989,5.53
1990,5.63
1991,5.9
1992,5.86
1993,6.09
1994,5.54
1995,6.5
1996,4.81
1997,4.82
1998,5.16
1999,3.15
2000,4.35
2001,4.22
2002,1.59
2003,0.66
2004,0.62
2005,0.34
2006,0.54
2007,1.1
2008,1.2
2009,1.64
2010,1.83
2011,1.25
2012,2.04
2013,2.2
2014,1.94
2015,1.44
2016,1.23
2017,0.39
2018,0.02
2019,0.0
2020,0.0
2021,0.26
2022,0.41
2023,0.31
2024,0.08
2025,0.1
2026,0.89
2027,0.71
2028,0.58
2029,0.31
2030,0.74
2031,1.28
2032,1.04
2033,0.7
2034,0.62
2035,0.14
2036,0.0
2037,0.0
2038,0.0
2039,0.0
2040,0.0
2041,0.0
2042,0.0
2043,0.0
2044,0.0
2045,0.03
2046,0.0
2047,0.0
2048,0.01
2049,0.12
2050,0.38
2051,0.91
2052,1.05
2053,1.86
2054,2.5
2055,3.12
2056,3.91
2057,2.67
2058,1.57
2059,1.28
2060,0.83
2061,1.59
2062,2.22
2063,1.78
2064,0.0
2065,0.0
2066,0.0
2067,0.0
2068,0.0
2069,0.01
2070,0.0
2071,0.0
2072,0.0
2073,0.0
2074,0.0
2075,0.01
2076,0.11
2077,0.36
2078,0.75
2079,1.02
2080,0.49
2081,0.36
2082,0.34
2083,0.03
2084,0.09
2085,0.4
2086,0.04
2087,0.0
2088,0.0
2089,0.12
2090,0.14
2091,0.07
2092,0.08
2093,0.08
2094,0.02
2095,0.01
2096,0.41
2097,1.1
2098,2.48
2099,4.5
2100,4.06
2101,4.54
2102,3.9
2103,3.98
2104,2.55
2105,1.48
2106,0.87
2107,0.49
2108,0.42
2109,1.06
2110,1.2
2111,1.79
2112,2.57
2113,3.68
2114,3.53
2115,3.8
2116,2.93
2117,2.12
2118,0.62
2119,0.01
2120,0.0
2121,0.0
2122,0.0
2123,0.0
2124,0.11
2125,0.54
2126,1.04
2127,1.37
2128,1.3
2129,1.04
2130,0.8
2131,0.54
2132,0.33
2133,0.09
2134,0.25
2135,0.03
2136,0.0
2137,0.2
2138,0.13
2139,0.01
2140,0.0
2141,0.0
2142,0.0
2143,0.0
2144,0.0
2145,0.0
2146,0.0
2147,0.27
2148,0.34
2149,0.21
2150,0.36
2151,0.55
2152,0.58
2153,0.17
2154,0.16
2155,0.03
2156,0.0
2157,0.0
2158,0.0
2159,0.0
2160,0.0
2161,0.0
2162,0.0
2163,0.0
2164,0.0
2165,0.0
2166,0.0
2167,0.0
2168,0.0
2169,0.0
2170,0.0
2171,0.08
2172,0.36
2173,0.66
2174,0.47
2175,0.6
2176,0.51
2177,0.51
2178,0.16
2179,0.05
2180,0.0
2181,0.0
2182,0.0
2183,0.0
2184,0.0
2185,0.0
2186,0.0
2187,0.0
2188,0.0
2189,0.0
2190,0.0
2191,0.0
2192,0.0
2193,0.0
2194,0.0
2195,0.0
2196,0.37
2197,0.46
2198,0.35
2199,0.21
2200,0.38
2201,0.41
2202,0.3
2203,0.02
2204,0.0
2205,0.0
2206,0.0
2207,0.0
2208,0.0
2209,0.0
2210,0.0
2211,0.0
2212,0.0
2213,0.0
2214,0.0
2215,0.0
2216,0.0
2217,0.01
2218,0.02
2219,0.03
2220,0.0
2221,0.19
2222,0.4
2223,0.59
2224,0.55
2225,0.56
2226,0.4
2227,1.19
2228,0.05
2229,0.57
2230,0.07
2231,0.28
2232,0.63
2233,0.31
2234,0.49
2235,0.89
2236,1.13
2237,0.69
2238,0.91
2239,0.54
2240,0.83
2241,1.16
2242,0.87
2243,0.52
2244,1.09
2245,1.09
2246,2.06
2247,1.99
2248,1.42
2249,1.83
2250,1.29
2251,0.7
2252,0.67
2253,1.31
2254,1.24
2255,0.52
2256,0.38
2257,0.35
2258,0.24
2259,0.0
2260,0.0
2261,0.0
2262,0.0
2263,0.0
2264,0.0
2265,0.0
2266,0.0
2267,0.16
2268,0.3
2269,0.08
2270,0.13
2271,0.06
2272,0.08
2273,0.07
2274,0.08
2275,0.13
2276,0.0
2277,0.08
2278,0.0
2279,0.0
2280,0.0
2281,0.0
2282,0.0
2283,0.0
2284,0.0
2285,0.01
2286,0.0
2287,0.0
2288,0.0
2289,0.0
2290,0.0
2291,0.0
2292,0.0
2293,0.04
2294,0.6
2295,1.52
2296,1.96
2297,1.26
2298,0.23
2299,0.0
2300,0.01
2301,0.29
2302,0.8
2303,0.01
2304,0.0
2305,0.0
2306,0.0
2307,0.0
2308,0.0
2309,0.0
2310,0.0
2311,0.01
2312,0.03
2313,0.02
2314,0.0
2315,0.05
2316,0.72
2317,0.38
2318,0.23
2319,0.23
2320,0.1
2321,0.58
2322,1.58
2323,0.19
2324,0.29
2325,0.09
2326,0.1
2327,0.52
2328,0.01
2329,0.03
2330,0.56
2331,0.08
2332,0.39
2333,0.13
2334,0.01
2335,0.0
2336,0.0
2337,0.0
2338,0.0
2339,0.02
2340,0.06
2341,0.09
2342,0.31
2343,0.7
2344,0.61
2345,0.27
2346,0.04
2347,0.0
2348,0.0
2349,0.0
2350,0.0
2351,0.0
2352,0.0
2353,0.0
2354,0.0
2355,0.0
2356,0.05
2357,0.09
2358,0.04
2359,0.2
2360,0.56
2361,0.93
2362,0.72
2363,0.6
2364,1.03
2365,1.33
2366,2.0
2367,2.14
2368,1.81
2369,1.54
2370,1.72
2371,1.62
2372,0.75
2373,0.54
2374,0.31
2375,0.3
2376,0.86
2377,1.5
2378,0.47
2379,0.22
2380,0.16
2381,0.04
2382,0.0
2383,0.07
2384,0.02
2385,0.04
2386,0.18
2387,0.98
2388,0.69
2389,0.6
2390,0.83
2391,1.12
2392,1.11
2393,1.08
2394,1.08
2395,0.5
2396,0.68
2397,1.18
2398,1.37
2399,1.58
2400,1.61
2401,2.04
2402,3.26
2403,3.7
2404,4.09
2405,5.6
2406,7.21
2407,5.82
2408,5.2
2409,5.9
2410,5.31
2411,3.29
2412,4.01
2413,1.42
2414,0.19
2415,0.2
2416,1.07
2417,0.16
2418,0.04
2419,0.36
2420,0.73
2421,0.76
2422,0.67
2423,0.45
2424,0.47
2425,1.49
2426,0.8
2427,1.22
2428,1.54
2429,1.41
2430,1.85
2431,0.93
2432,2.03
2433,2.91
2434,3.0
2435,3.25
2436,2.19
2437,2.47
2438,1.73
2439,1.86
2440,0.99
2441,0.63
2442,1.12
2443,1.05
2444,1.36
2445,1.02
2446,0.72
2447,0.39
2448,0.12
2449,0.92
2450,2.35
2451,3.12
2452,3.9
2453,2.93
2454,4.72
2455,5.45
2456,4.96
2457,3.36
2458,3.63
2459,3.11
2460,4.08
2461,3.97
2462,2.71
2463,2.51
2464,2.47
2465,0.9
2466,1.16
2467,1.05
2468,1.63
2469,1.18
2470,1.94
2471,1.19
2472,0.86
2473,0.94
2474,0.55
2475,0.14
2476,0.0
2477,0.07
2478,0.28
2479,0.09
2480,0.0
2481,0.0
2482,0.02
2483,0.45
2484,1.02
2485,1.27
2486,0.88
2487,1.15
2488,1.83
2489,1.35
2490,1.52
2491,1.75
2492,1.38
2493,0.69
2494,1.15
2495,0.97
2496,0.58
2497,0.52
2498,1.56
2499,2.43
2500,0.13
2501,0.0
2502,0.0
2503,0.0
2504,0.0
2505,0.0
2506,0.0
2507,0.26
2508,0.41
2509,0.52
2510,0.86
2511,0.74
2512,0.51
2513,0.16
2514,0.0
2515,0.0
2516,0.02
2517,0.01
2518,0.14
2519,1.4
2520,1.08
2521,0.98
2522,1.65
2523,1.69
2524,1.23
2525,1.27
2526,1.86
2527,1.66
2528,2.24
2529,1.41
2530,2.89
2531,4.89
2532,3.87
2533,5.3
2534,6.5
2535,7.19
2536,7.35
2537,7.38
2538,6.59
2539,6.54
2540,8.18
2541,8.58
2542,8.67
2543,6.76
2544,5.78
2545,4.81
2546,3.74
2547,2.33
2548,1.79
2549,1.94
2550,1.61
2551,1.03
2552,0.89
2553,0.15
2554,0.01
2555,0.0
2556,0.0
2557,0.0
2558,0.0
2559,0.0
2560,0.02
2561,0.04
2562,0.05
2563,0.07
2564,0.0
2565,0.03
2566,0.02
2567,0.11
2568,0.02
2569,0.0
2570,0.08
2571,0.32
2572,0.03
2573,0.0
2574,0.02
2575,0.08
2576,0.0
2577,0.01
2578,0.28
2579,0.63
2580,0.49
2581,0.35
2582,0.36
2583,0.08
2584,0.02
2585,0.01
2586,0.02
2587,0.0
2588,0.0
2589,0.0
2590,0.0
2591,0.0
2592,0.0
2593,0.0
2594,0.0
2595,0.0
2596,0.0
2597,0.0
2598,0.0
2599,0.0
2600,0.0
2601,0.0
2602,0.0
2603,0.06
2604,0.02
2605,0.04
2606,0.55
2607,3.27
2608,1.96
2609,3.41
2610,1.95
2611,3.18
2612,3.33
2613,3.86
2614,3.4
2615,2.71
2616,3.09
2617,3.62
2618,3.49
2619,3.31
2620,2.67
2621,2.5
2622,1.06
2623,0.64
2624,0.54
2625,0.8
2626,0.62
2627,0.22
2628,0.02
2629,0.1
2630,0.19
2631,0.5
2632,1.15
2633,1.73
2634,1.08
2635,0.27
2636,0.0
2637,0.0
2638,0.0
2639,0.04
2640,0.27
2641,1.3
2642,1.54
2643,0.68
2644,0.45
2645,0.8
2646,0.28
2647,0.46
2648,0.95
2649,1.09
2650,0.43
2651,0.12
2652,0.01
2653,0.0
2654,0.0
2655,0.02
2656,0.17
2657,0.18
2658,0.26
2659,0.79
2660,1.44
2661,1.63
2662,4.02
2663,4.13
2664,4.56
2665,4.64
2666,4.0
2667,4.41
2668,4.23
2669,3.2
2670,1.86
2671,0.23
2672,1.16
2673,0.7
2674,0.42
2675,0.1
2676,0.0
2677,0.0
2678,0.0
2679,0.01
2680,0.16
2681,1.07
2682,0.23
2683,0.74
2684,0.1
2685,0.01
2686,0.0
2687,0.0
2688,0.0
2689,0.22
2690,0.17
2691,0.28
2692,0.4
2693,0.74
2694,0.97
2695,0.64
2696,0.12
2697,0.01
2698,0.0
2699,0.0
2700,0.0
2701,0.0
2702,0.0
2703,0.0
2704,0.0
2705,0.0
2706,0.0
2707,0.0
2708,0.0
2709,0.0
2710,0.0
2711,0.0
2712,0.0
2713,0.0
2714,0.03
2715,0.07
2716,0.01
2717,0.0
2718,0.0
2719,0.0
2720,0.0
2721,0.0
2722,0.0
2723,0.0
2724,0.0
2725,0.01
2726,0.02
2727,0.55
2728,0.02
2729,0.01
2730,0.02
2731,0.22
2732,0.57
2733,0.36
2734,0.0
2735,0.04
2736,0.18
2737,0.05
2738,0.01
2739,0.0
2740,0.0
2741,0.0
2742,0.0
2743,0.0
2744,0.0
2745,0.0
2746,0.01
2747,0.0
2748,0.0
2749,0.12
2750,0.05
2751,0.17
2752,0.49
2753,0.98
2754,0.57
2755,1.03
2756,0.26
2757,0.29
2758,1.4
2759,1.58
2760,1.27
2761,1.85
2762,3.4
2763,2.99
2764,2.28
2765,3.68
2766,3.28
2767,3.04
2768,3.61
2769,4.03
2770,3.88
2771,3.68
2772,2.84
2773,2.71
2774,3.17
2775,3.34
2776,3.91
2777,1.93
2778,1.06
2779,1.99
2780,2.33
2781,2.76
2782,2.45
2783,2.82
2784,2.62
2785,2.77
2786,3.96
2787,3.71
2788,3.63
2789,3.44
2790,2.96
2791,2.67
2792,2.27
2793,2.72
2794,3.72
2795,5.29
2796,4.81
2797,4.91
2798,4.67
2799,6.36
2800,5.39
2801,4.01
2802,3.71
2803,3.53
2804,3.96
2805,3.98
2806,5.74
2807,6.32
2808,5.91
2809,5.53
2810,4.99
2811,4.47
2812,5.7
2813,5.98
2814,6.57
2815,5.16
2816,6.69
2817,6.68
2818,6.64
2819,6.44
2820,5.9
2821,5.33
2822,3.52
2823,3.95
2824,2.92
2825,2.3
2826,0.59
2827,0.91
2828,2.27
2829,1.96
2830,2.06
2831,2.55
2832,0.94
2833,1.7
2834,0.96
2835,1.32
2836,2.15
2837,2.38
2838,0.9
2839,0.31
2840,0.13
2841,0.22
2842,0.06
2843,0.01
2844,0.0
2845,0.0
2846,0.24
2847,0.69
2848,0.26
2849,0.08
2850,0.03
2851,0.1
2852,0.0
2853,0.04
2854,0.47
2855,0.22
2856,0.02
2857,0.0
2858,0.0
2859,0.0
2860,0.0
2861,0.0
2862,0.0
2863,0.0
2864,0.0
2865,0.03
2866,0.19
2867,0.17
2868,0.63
2869,1.23
2870,1.74
2871,1.89
2872,1.56
2873,1.11
2874,1.05
2875,0.89
2876,0.6
2877,0.65
2878,1.15
2879,0.24
2880,0.01
2881,0.0
2882,0.02
2883,0.02
2884,0.06
2885,0.38
2886,0.0
2887,0.0
2888,0.0
2889,0.0
2890,0.0
2891,0.07
2892,0.17
2893,0.5
2894,0.82
2895,0.69
2896,0.76
2897,0.57
2898,0.49
2899,0.03
2900,0.01
2901,0.9
2902,2.9
2903,6.6
2904,5.55
2905,6.36
2906,6.08
2907,5.32
2908,5.51
2909,3.65
2910,5.17
2911,3.85
2912,5.49
2913,5.9
2914,5.49
2915,5.15
2916,4.43
2917,3.96
2918,3.71
2919,2.98
2920,2.71
2921,2.56
2922,2.59
2923,3.11
2924,2.54
2925,3.45
2926,2.59
2927,1.28
2928,1.66
2929,2.75
2930,2.98
2931,3.11
2932,1.55
2933,3.24
2934,4.03
2935,2.98
2936,2.65
2937,2.11
2938,2.97
2939,3.32
2940,3.34
2941,3.16
2942,2.87
2943,3.11
2944,3.32
2945,2.68
2946,2.27
2947,1.7
2948,3.87
2949,4.68
2950,3.92
2951,3.88
2952,3.97
2953,4.57
2954,4.22
2955,3.03
2956,3.39
2957,6.45
2958,6.83
2959,7.37
2960,7.19
2961,6.7
2962,7.03
2963,6.78
2964,6.62
2965,6.52
2966,6.57
2967,6.74
2968,6.62
2969,5.95
2970,6.51
2971,5.38
2972,3.87
2973,2.95
2974,3.37
2975,3.56
2976,3.98
2977,3.42
2978,3.11
2979,3.01
2980,3.1
2981,2.35
2982,1.75
2983,1.34
2984,1.14
2985,0.93
2986,0.12
2987,0.08
2988,0.05
2989,0.01
2990,0.12
2991,0.09
2992,0.01
2993,0.31
2994,0.31
2995,0.05
2996,0.24
2997,0.63
2998,1.08
2999,0.68
3000,0.69
3001,0.42
3002,0.98
3003,1.24
3004,0.76
3005,0.42
3006,0.52
3007,0.32
3008,0.08
3009,0.0
3010,0.0
3011,0.02
3012,0.03
3013,0.02
3014,0.06
3015,0.36
3016,0.7
3017,0.4
3018,0.12
3019,0.05
3020,0.01
3021,0.0
3022,0.01
3023,0.0
3024,0.0
3025,0.01
3026,0.01
3027,0.0
3028,0.04
3029,0.0
3030,0.04
3031,0.0
3032,0.01
3033,0.0
3034,0.0
3035,0.0
3036,0.0
3037,0.09
3038,0.63
3039,0.64
3040,0.68
3041,0.9
3042,0.67
3043,0.12
3044,0.0
3045,0.0
3046,0.0
3047,0.0
3048,0.0
3049,0.0
3050,0.0
3051,0.0
3052,0.0
3053,0.0
3054,0.0
3055,0.0
3056,0.0
3057,0.0
3058,0.0
3059,0.27
3060,0.31
3061,0.13
3062,0.14
3063,0.1
3064,0.02
3065,0.02
3066,0.0
3067,0.0
3068,0.0
3069,0.0
3070,0.0
3071,0.0
3072,0.0
3073,0.0
3074,0.0
3075,0.0
3076,0.0
3077,0.0
3078,0.0
3079,0.0
3080,0.0
3081,0.0
3082,2.47
3083,1.24
3084,0.31
3085,0.0
3086,0.0
3087,0.01
3088,0.01
3089,0.01
3090,0.01
3091,0.0
3092,0.0
3093,0.01
3094,0.17
3095,0.28
3096,1.04
3097,1.32
3098,1.37
3099,1.46
3100,2.11
3101,2.95
3102,4.15
3103,3.76
3104,3.15
3105,4.15
3106,4.53
3107,5.47
3108,5.86
3109,5.27
3110,3.79
3111,3.17
3112,2.71
3113,1.96
3114,0.98
3115,0.4
3116,1.14
3117,1.02
3118,3.48
3119,4.4
3120,4.58
3121,3.74
3122,3.4
3123,4.98
3124,4.25
3125,2.16
3126,1.69
3127,1.42
3128,0.71
3129,0.16
3130,0.0
3131,0.0
3132,0.0
3133,0.0
3134,0.0
3135,0.0
3136,0.04
3137,0.21
3138,0.02
3139,0.0
3140,0.0
3141,0.0
3142,0.0
3143,0.0
3144,0.0
3145,0.0
3146,0.0
3147,0.0
3148,0.0
3149,0.0
3150,0.0
3151,0.01
3152,0.0
3153,0.0
3154,0.0
3155,0.0
3156,0.0
3157,0.01
3158,0.1
3159,0.08
3160,0.03
3161,0.04
3162,0.0
3163,0.01
3164,0.07
3165,0.19
3166,0.04
3167,0.02
3168,0.07
3169,0.0
3170,0.0
3171,0.0
3172,0.05
3173,0.04
3174,0.0
3175,0.0
3176,0.02
3177,0.01
3178,0.0
3179,0.0
3180,0.0
3181,0.01
3182,0.0
3183,0.01
3184,0.0
3185,0.0
3186,0.01
3187,0.0
3188,0.0
3189,0.0
3190,0.0
3191,0.06
3192,0.06
3193,0.13
3194,0.05
3195,0.0
3196,0.02
3197,0.0
3198,0.0
3199,0.0
3200,0.0
3201,0.01
3202,0.0
3203,0.0
3204,0.0
3205,0.09
3206,0.43
3207,0.33
3208,0.0
3209,0.0
3210,0.0
3211,0.0
3212,0.0
3213,0.0
3214,0.01
3215,0.0
3216,0.0
3217,0.0
3218,0.0
3219,0.0
3220,0.0
3221,0.0
3222,0.0
3223,0.0
3224,0.0
3225,0.0
3226,0.0
3227,0.06
3228,0.19
3229,0.32
3230,0.31
3231,0.15
3232,0.24
3233,0.18
3234,0.02
3235,0.0
3236,0.0
3237,0.0
3238,0.04
3239,0.02
3240,0.0
3241,0.0
3242,0.02
3243,0.0
3244,0.0
3245,0.0
3246,0.0
3247,0.0
3248,0.0
3249,0.0
3250,0.01
3251,0.09
3252,0.22
3253,0.09
3254,0.51
3255,0.88
3256,0.95
3257,0.88
3258,1.13
3259,1.51
3260,1.34
3261,2.85
3262,4.1
3263,4.14
3264,4.08
3265,2.98
3266,2.17
3267,3.25
3268,3.79
3269,3.91
3270,4.04
3271,4.27
3272,3.3
3273,4.29
3274,2.9
3275,1.9
3276,2.08
3277,2.73
3278,1.9
3279,2.09
3280,3.87
3281,3.03
3282,1.78
3283,0.94
3284,1.33
3285,2.65
3286,3.4
3287,3.85
3288,4.43
3289,4.75
3290,4.57
3291,3.17
3292,2.99
3293,3.07
3294,3.31
3295,2.97
3296,4.3
3297,4.36
3298,2.39
3299,1.45
3300,0.86
3301,0.48
3302,0.24
3303,0.25
3304,0.18
3305,0.31
3306,0.42
3307,0.84
3308,1.58
3309,1.5
3310,0.56
3311,0.07
3312,0.0
3313,0.0
3314,0.0
3315,0.0
3316,0.07
3317,0.26
3318,0.04
3319,0.18
3320,0.08
3321,0.09
3322,0.09
3323,0.19
3324,0.41
3325,1.04
3326,1.35
3327,0.82
3328,0.08
3329,0.0
3330,0.0
3331,0.0
3332,0.0
3333,0.0
3334,0.0
3335,0.0
3336,0.0
3337,0.0
3338,0.0
3339,0.0
3340,0.01
3341,0.02
3342,0.03
3343,0.0
3344,0.0
3345,0.0
3346,0.0
3347,0.0
3348,0.13
3349,0.21
3350,0.27
3351,0.54
3352,0.42
3353,0.12
3354,0.01
3355,0.05
3356,0.12
3357,0.04
3358,0.12
3359,0.27
3360,0.02
3361,0.08
3362,0.06
3363,0.02
3364,0.0
3365,0.01
3366,0.16
3367,0.35
3368,0.09
3369,0.07
3370,0.0
3371,0.2
3372,0.33
3373,0.06
3374,1.34
3375,1.44
3376,1.27
3377,0.12
3378,0.03
3379,0.0
3380,0.0
3381,0.0
3382,0.0
3383,0.0
3384,0.0
3385,0.01
3386,0.0
3387,0.03
3388,0.01
3389,0.0
3390,0.0
3391,0.0
3392,0.0
3393,0.0
3394,0.02
3395,0.01
3396,0.0
3397,0.0
3398,0.08
3399,0.64
3400,0.71
3401,0.53
3402,0.47
3403,0.23
3404,0.03
3405,0.0
3406,0.0
3407,0.0
3408,0.0
3409,0.0
3410,0.0
3411,0.0
3412,0.0
3413,0.0
3414,0.0
3415,0.04
3416,0.03
3417,0.0
3418,0.0
3419,0.0
3420,0.2
3421,0.79
3422,0.26
3423,0.12
3424,0.29
3425,0.37
3426,0.24
3427,0.39
3428,0.25
3429,0.0
3430,0.0
3431,0.0
3432,0.0
3433,0.0
3434,0.0
3435,0.0
3436,0.0
3437,0.05
3438,0.07
3439,0.0
3440,0.0
3441,0.0
3442,0.01
3443,0.05
3444,0.22
3445,0.05
3446,0.06
3447,0.39
3448,0.33
3449,0.14
3450,0.08
3451,0.65
3452,4.48
3453,6.74
3454,5.48
3455,4.55
3456,1.73
3457,2.92
3458,3.28
3459,3.83
3460,4.41
3461,5.54
3462,5.72
3463,5.51
3464,7.55
3465,6.53
3466,7.59
3467,7.23
3468,5.94
3469,6.71
3470,5.79
3471,4.95
3472,4.28
3473,1.56
3474,1.4
3475,2.77
3476,3.4
3477,4.62
3478,3.17
3479,3.37
3480,3.45
3481,3.37
3482,4.1
3483,5.71
3484,5.82
3485,5.16
3486,5.57
3487,2.78
3488,2.39
3489,2.81
3490,2.75
3491,2.6
3492,2.22
3493,2.35
3494,3.13
3495,2.91
3496,2.56
3497,2.06
3498,2.22
3499,1.12
3500,3.07
3501,4.32
3502,3.31
3503,4.61
3504,4.68
3505,4.51
3506,5.07
3507,7.21
3508,7.44
3509,7.47
3510,7.41
3511,7.38
3512,7.09
3513,7.45
3514,7.49
3515,9.83
3516,8.15
3517,7.09
3518,6.36
3519,6.73
3520,6.67
3521,6.68
3522,6.72
3523,6.14
3524,6.03
3525,5.04
3526,3.49
3527,4.04
3528,4.21
3529,3.46
3530,2.58
3531,2.48
3532,2.13
3533,2.0
3534,1.25
3535,0.73
3536,0.45
3537,0.43
3538,0.31
3539,0.22
3540,0.02
3541,0.0
3542,0.52
3543,0.54
3544,0.57
3545,0.39
3546,0.58
3547,0.45
3548,0.02
3549,0.0
3550,0.03
3551,0.3
3552,0.39
3553,0.51
3554,0.22
3555,0.03
3556,0.0
3557,0.0
3558,0.02
3559,0.08
3560,0.03
3561,0.03
3562,0.02
3563,0.0
3564,0.01
3565,0.38
3566,1.19
3567,2.28
3568,2.71
3569,2.14
3570,1.0
3571,0.49
3572,0.16
3573,0.24
3574,0.15
3575,0.15
3576,0.01
3577,0.0
3578,0.0
3579,0.0
3580,0.01
3581,0.03
3582,0.0
3583,0.0
3584,0.0
3585,0.0
3586,0.0
3587,0.0
3588,0.09
3589,0.53
3590,0.89
3591,0.84
3592,0.97
3593,0.73
3594,0.3
3595,0.23
3596,0.2
3597,0.09
3598,0.05
3599,0.06
3600,0.01
3601,0.05
3602,0.1
3603,0.0
3604,0.04
3605,0.01
3606,0.03
3607,0.04
3608,0.19
3609,0.01
3610,0.04
3611,0.27
3612,1.01
3613,0.79
3614,0.78
3615,1.73
3616,1.25
3617,1.48
3618,2.18
3619,2.18
3620,3.86
3621,8.25
3622,8.82
3623,8.42
3624,7.93
3625,8.52
3626,6.51
3627,5.95
3628,4.92
3629,3.55
3630,3.14
3631,2.29
3632,1.71
3633,0.6
3634,0.04
3635,0.0
3636,0.0
3637,0.0
3638,0.05
3639,0.04
3640,0.0
3641,0.0
3642,0.0
3643,0.0
3644,0.0
3645,0.0
3646,0.0
3647,0.0
3648,0.04
3649,0.02
3650,0.1
3651,0.0
3652,0.0
3653,0.01
3654,0.14
3655,0.0
3656,0.0
3657,0.0
3658,0.0
3659,0.0
3660,0.0
3661,0.0
3662,0.01
3663,0.04
3664,0.0
3665,0.01
3666,0.13
3667,0.05
3668,0.52
3669,1.15
3670,2.21
3671,3.61
3672,4.97
3673,4.56
3674,3.5
3675,5.95
3676,3.86
3677,4.44
3678,5.69
3679,4.04
3680,6.17
3681,7.0
3682,8.65
3683,9.8
3684,8.87
3685,9.56
3686,7.47
3687,6.77
3688,9.0
3689,8.55
3690,7.28
3691,9.36
3692,10.02
3693,7.85
3694,7.02
3695,7.6
3696,6.34
3697,7.62
3698,7.61
3699,7.61
3700,6.59
3701,7.37
3702,6.89
3703,7.59
3704,7.57
3705,8.16
3706,10.05
3707,9.95
3708,9.88
3709,9.63
3710,9.24
3711,9.24
3712,9.53
3713,9.33
3714,8.19
3715,9.47
3716,8.79
3717,8.53
3718,7.74
3719,5.98
3720,5.93
3721,6.13
3722,5.79
3723,4.8
3724,3.67
3725,4.14
3726,4.68
3727,4.18
3728,3.35
3729,4.49
3730,4.99
3731,3.91
3732,2.84
3733,3.17
3734,2.72
3735,3.03
3736,3.47
3737,4.13
3738,2.75
3739,4.95
3740,4.03
3741,3.07
3742,3.0
3743,3.34
3744,3.68
3745,4.76
3746,4.88
3747,5.1
3748,2.68
3749,2.42
3750,2.29
3751,1.1
3752,0.47
3753,0.02
3754,0.0
3755,0.0
3756,0.0
3757,0.02
3758,0.02
3759,0.03
3760,0.01
3761,0.01
3762,0.02
3763,0.01
3764,0.0
3765,0.0
3766,0.0
3767,0.07
3768,0.08
3769,0.09
3770,0.04
3771,0.03
3772,0.06
3773,0.06
3774,0.03
3775,0.16
3776,0.37
3777,0.02
3778,0.0
3779,0.0
3780,0.0
3781,0.01
3782,0.04
3783,0.18
3784,0.1
3785,0.02
3786,0.0
3787,0.0
3788,0.0
3789,0.0
3790,0.0
3791,0.0
3792,0.03
3793,0.1
3794,0.16
3795,0.09
3796,0.03
3797,0.02
3798,0.05
3799,0.01
3800,0.0
3801,0.0
3802,0.01
3803,0.12
3804,0.64
3805,1.07
3806,0.98
3807,1.0
3808,1.03
3809,1.69
3810,2.05
3811,2.33
3812,2.39
3813,2.18
3814,2.47
3815,2.8
3816,2.43
3817,1.72
3818,1.93
3819,5.25
3820,7.2
3821,3.75
3822,1.99
3823,0.94
3824,0.66
3825,0.21
3826,0.75
3827,1.13
3828,1.0
3829,1.04
3830,1.37
3831,0.76
3832,0.37
3833,0.2
3834,1.27
3835,1.76
3836,1.19
3837,1.36
3838,1.18
3839,0.87
3840,0.96
3841,1.1
3842,0.82
3843,0.44
3844,0.12
3845,0.22
3846,0.0
3847,0.01
3848,0.01
3849,0.07
3850,0.04
3851,0.0
3852,0.0
3853,0.0
3854,0.0
3855,0.12
3856,0.26
3857,0.83
3858,0.59
3859,0.88
3860,0.44
3861,0.35
3862,0.28
3863,0.41
3864,0.19
3865,0.48
3866,0.32
3867,0.27
3868,2.79
3869,1.69
3870,0.42
3871,0.74
3872,0.27
3873,0.5
3874,1.22
3875,8.69
3876,8.95
3877,8.67
3878,9.19
3879,8.89
3880,9.03
3881,8.96
3882,7.59
3883,4.04
3884,0.45
3885,0.01
3886,0.18
3887,1.6
3888,3.45
3889,3.08
3890,2.88
3891,4.92
3892,6.08
3893,5.59
3894,8.67
3895,10.07
3896,8.94
3897,7.62
3898,7.77
3899,5.03
3900,4.75
3901,9.3
3902,9.14
3903,9.39
3904,6.45
3905,6.07
3906,9.19
3907,2.82
3908,2.91
3909,7.47
3910,5.46
3911,1.51
3912,0.69
3913,1.51
3914,1.52
3915,0.86
3916,1.24
3917,1.03
3918,1.37
3919,0.86
3920,1.35
3921,8.22
3922,9.64
3923,8.82
3924,7.21
3925,6.08
3926,7.1
3927,7.68
3928,8.09
3929,7.42
3930,6.9
3931,4.85
3932,3.08
3933,2.14
3934,1.21
3935,0.89
3936,0.43
3937,0.64
3938,0.79
3939,0.65
3940,0.34
3941,0.24
3942,0.01
3943,0.05
3944,0.74
3945,1.85
3946,4.06
3947,3.23
3948,2.61
3949,2.81
3950,2.42
3951,2.41
3952,2.07
3953,2.16
3954,2.32
3955,1.04
3956,0.55
3957,0.15
3958,0.01
3959,0.0
3960,0.0
3961,0.0
3962,0.0
3963,0.0
3964,0.03
3965,0.01
3966,0.03
3967,0.07
3968,0.06
3969,0.1
3970,1.08
3971,1.58
3972,4.57
3973,6.14
3974,6.02
3975,5.55
3976,6.94
3977,7.98
3978,7.09
3979,5.88
3980,5.63
3981,6.58
3982,5.3
3983,2.15
3984,4.1
3985,3.68
3986,6.74
3987,10.09
3988,10.0
3989,5.43
3990,5.13
3991,4.41
3992,9.73
3993,10.13
3994,10.13
3995,10.12
3996,10.13
3997,10.11
3998,10.12
3999,10.11
4000,10.1
4001,10.09
4002,9.62
4003,9.2
4004,5.6
4005,6.55
4006,6.78
4007,0.87
4008,0.96
4009,1.1
4010,0.82
4011,0.44
4012,0.12
4013,0.22
4014,0.0
4015,0.01
4016,0.01
4017,0.07
4018,0.04
4019,0.0
4020,0.0
4021,0.0
4022,0.0
4023,0.0
4024,0.0
4025,0.0
4026,0.0
4027,0.0
4028,0.0
4029,0.0
4030,0.0
4031,0.0
4032,0.0
4033,0.0
4034,0.0
4035,0.0
4036,0.0
4037,0.0
4038,0.0
4039,0.0
4040,0.0
4041,0.0
4042,0.0
4043,0.0
4044,0.0
4045,0.0
4046,0.0
4047,0.0
4048,0.0
4049,0.0
4050,0.0
4051,0.0
4052,0.0
4053,0.0
4054,0.0
4055,0.0
4056,0.0
4057,0.0
4058,0.0
4059,0.0
4060,0.0
4061,0.0
4062,0.0
4063,0.0
4064,0.0
4065,0.0
4066,0.0
4067,0.0
4068,0.0
4069,0.0
4070,0.0
4071,0.0
4072,0.0
4073,0.0
4074,0.0
4075,0.0
4076,0.0
4077,0.0
4078,0.0
4079,0.0
4080,0.0
4081,0.0
4082,0.0
4083,0.0
4084,0.0
4085,0.0
4086,0.0
4087,0.0
4088,0.0
4089,0.0
4090,2.22
4091,8.82
4092,7.21
4093,6.08
4094,7.1
4095,7.68
4096,8.09
4097,7.42
4098,6.9
4099,4.85
4100,3.08
4101,2.14
4102,1.21
4103,0.89
4104,0.43
4105,0.64
4106,0.79
4107,0.65
4108,0.34
4109,0.24
4110,0.01
4111,0.05
4112,0.74
4113,1.85
4114,4.06
4115,3.23
4116,2.61
4117,2.81
4118,2.42
4119,2.41
4120,2.07
4121,2.16
4122,2.32
4123,1.04
4124,0.55
4125,0.15
4126,0.01
4127,0.0
4128,0.0
4129,0.0
4130,0.0
4131,0.0
4132,0.03
4133,0.01
4134,0.03
4135,0.07
4136,0.06
4137,0.1
4138,1.08
4139,1.58
4140,4.57
4141,6.14
4142,6.02
4143,5.55
4144,6.94
4145,7.98
4146,7.09
4147,5.88
4148,5.63
4149,6.58
4150,5.3
4151,2.15
4152,4.1
4153,3.68
4154,6.74
4155,10.09
4156,10.0
4157,5.43
4158,5.13
4159,4.41
4160,9.73
4161,10.13
4162,10.13
4163,10.12
4164,10.13
4165,10.11
4166,10.12
4167,10.11
4168,10.1
4169,10.09
4170,9.62
4171,9.2
4172,5.6
4173,6.55
4174,6.78
4175,4.86
4176,3.73
4177,3.35
4178,3.99
4179,1.66
4180,0.79
4181,0.66
4182,1.63
4183,2.01
4184,2.01
4185,2.28
4186,3.75
4187,2.83
4188,1.73
4189,1.72
4190,1.94
4191,2.27
4192,2.48
4193,3.24
4194,4.24
4195,5.37
4196,4.05
4197,4.01
4198,2.74
4199,2.13
4200,2.95
4201,3.48
4202,4.97
4203,4.26
4204,3.25
4205,3.2
4206,1.46
4207,1.27
4208,1.73
4209,2.13
4210,2.81
4211,2.33
4212,2.04
4213,2.81
4214,4.07
4215,3.11
4216,2.74
4217,2.75
4218,2.91
4219,4.88
4220,5.49
4221,6.07
4222,6.25
4223,6.85
4224,6.14
4225,4.43
4226,5.42
4227,6.21
4228,5.79
4229,7.47
4230,7.5
4231,7.33
4232,6.64
4233,6.86
4234,7.1
4235,7.37
4236,7.16
4237,6.97
4238,7.16
4239,6.9
4240,6.93
4241,7.14
4242,7.44
4243,7.32
4244,6.72
4245,6.3
4246,4.6
4247,3.2
4248,2.84
4249,2.55
4250,1.86
4251,3.16
4252,2.53
4253,3.38
4254,2.07
4255,1.74
4256,1.26
4257,0.74
4258,0.15
4259,0.02
4260,0.0
4261,0.0
4262,0.0
4263,0.0
4264,0.01
4265,0.03
4266,0.03
4267,0.0
4268,0.0
4269,0.0
4270,0.0
4271,0.05
4272,0.02
4273,0.06
4274,0.48
4275,0.04
4276,0.01
4277,0.0
4278,0.0
4279,0.0
4280,0.0
4281,0.0
4282,0.0
4283,0.0
4284,0.0
4285,0.0
4286,0.0
4287,0.0
4288,0.0
4289,0.0
4290,0.0
4291,0.0
4292,0.0
4293,0.0
4294,0.0
4295,0.21
4296,0.07
4297,0.03
4298,0.01
4299,0.21
4300,0.18
4301,0.0
4302,0.0
4303,0.37
4304,0.9
4305,1.76
4306,2.82
4307,2.08
4308,2.42
4309,1.6
4310,2.26
4311,3.99
4312,4.06
4313,4.82
4314,5.44
4315,5.89
4316,6.11
4317,6.13
4318,6.47
4319,5.08
4320,4.21
4321,8.37
4322,5.01
4323,5.18
4324,2.31
4325,3.0
4326,2.54
4327,0.97
4328,0.77
4329,1.05
4330,0.67
4331,0.23
4332,0.11
4333,1.87
4334,3.8
4335,3.61
4336,1.15
4337,0.5
4338,0.93
4339,1.53
4340,1.79
4341,2.01
4342,2.16
4343,1.89
4344,1.14
4345,0.37
4346,0.92
4347,1.39
4348,2.78
4349,4.76
4350,5.5
4351,7.3
4352,7.2
4353,6.69
4354,7.51
4355,8.11
4356,7.55
4357,9.0
4358,8.81
4359,9.93
4360,8.78
4361,9.36
4362,9.45
4363,9.74
4364,8.64
4365,7.04
4366,6.97
4367,4.39
4368,2.55
4369,1.37
4370,0.84
4371,0.03
4372,0.0
4373,0.06
4374,0.41
4375,0.02
4376,0.01
4377,0.44
4378,0.39
4379,0.81
4380,1.66
4381,2.48
4382,2.9
4383,2.58
4384,3.37
4385,5.54
4386,8.02
4387,8.37
4388,7.23
4389,4.54
4390,6.35
4391,3.32
4392,5.52
4393,7.1
4394,8.46
4395,5.95
4396,1.63
4397,2.32
4398,9.37
4399,10.13
4400,10.01
4401,10.11
4402,10.11
4403,9.81
4404,10.11
4405,10.03
4406,9.97
4407,9.47
4408,9.59
4409,9.2
4410,8.81
4411,8.74
4412,9.58
4413,9.9
4414,9.29
4415,8.07
4416,8.85
4417,8.12
4418,7.63
4419,2.54
4420,0.74
4421,1.31
4422,1.03
4423,1.9
4424,3.49
4425,2.35
4426,0.0
4427,1.54
4428,0.2
4429,0.01
4430,0.0
4431,0.0
4432,0.0
4433,0.0
4434,0.0
4435,0.0
4436,0.0
4437,0.01
4438,0.0
4439,0.0
4440,0.02
4441,0.01
4442,0.0
4443,0.06
4444,0.02
4445,0.02
4446,0.16
4447,0.39
4448,0.68
4449,0.73
4450,1.02
4451,1.02
4452,0.92
4453,1.03
4454,1.16
4455,1.96
4456,5.11
4457,8.0
4458,6.78
4459,6.53
4460,7.84
4461,7.41
4462,7.1
4463,7.21
4464,6.82
4465,5.95
4466,6.08
4467,2.59
4468,3.39
4469,3.68
4470,2.31
4471,2.53
4472,1.91
4473,1.58
4474,1.96
4475,1.59
4476,1.7
4477,1.79
4478,1.63
4479,1.1
4480,1.78
4481,3.0
4482,1.87
4483,1.94
4484,2.87
4485,3.34
4486,2.15
4487,1.75
4488,1.76
4489,1.83
4490,1.16
4491,1.22
4492,1.04
4493,1.17
4494,1.88
4495,1.36
4496,0.43
4497,0.14
4498,0.03
4499,0.04
4500,0.0
4501,0.0
4502,0.47
4503,1.6
4504,0.69
4505,1.26
4506,2.83
4507,1.8
4508,0.81
4509,0.22
4510,0.03
4511,0.14
4512,2.61
4513,6.37
4514,3.41
4515,1.34
4516,4.31
4517,3.42
4518,5.72
4519,7.88
4520,8.64
4521,6.6
4522,9.23
4523,9.31
4524,8.87
4525,8.12
4526,5.67
4527,9.57
4528,9.77
4529,9.17
4530,9.9
4531,9.8
4532,9.84
4533,10.12
4534,10.13
4535,10.12
4536,10.12
4537,10.12
4538,10.13
4539,10.12
4540,8.34
4541,7.59
4542,7.35
4543,9.23
4544,4.39
4545,5.5
4546,5.33
4547,6.57
4548,4.22
4549,3.89
4550,3.13
4551,2.07
4552,2.44
4553,2.58
4554,2.92
4555,4.25
4556,3.49
4557,3.28
4558,4.2
4559,4.88
4560,5.24
4561,5.21
4562,5.13
4563,6.11
4564,6.08
4565,4.72
4566,3.65
4567,4.55
4568,6.31
4569,6.77
4570,7.21
4571,7.44
4572,6.87
4573,7.33
4574,7.22
4575,6.69
4576,7.14
4577,6.39
4578,5.0
4579,4.96
4580,4.35
4581,1.95
4582,1.59
4583,4.37
4584,4.88
4585,4.48
4586,1.69
4587,1.58
4588,1.22
4589,0.95
4590,0.35
4591,0.07
4592,0.04
4593,0.14
4594,0.0
4595,0.0
4596,0.0
4597,0.12
4598,0.76
4599,1.71
4600,3.82
4601,4.17
4602,6.02
4603,6.85
4604,8.09
4605,8.77
4606,7.95
4607,9.05
4608,9.45
4609,8.74
4610,9.14
4611,9.33
4612,9.18
4613,9.84
4614,9.64
4615,8.38
4616,8.09
4617,7.31
4618,8.79
4619,8.45
4620,7.41
4621,5.64
4622,9.3
4623,7.51
4624,1.54
4625,0.13
4626,0.46
4627,3.13
4628,6.96
4629,7.68
4630,7.55
4631,5.11
4632,4.73
4633,3.79
4634,4.52
4635,4.69
4636,4.23
4637,2.59
4638,2.98
4639,2.36
4640,2.69
4641,4.39
4642,5.87
4643,6.34
4644,7.81
4645,8.48
4646,7.16
4647,6.28
4648,6.3
4649,7.19
4650,9.43
4651,8.44
4652,9.48
4653,9.55
4654,9.93
4655,9.7
4656,9.92
4657,10.07
4658,9.75
4659,9.69
4660,9.12
4661,9.06
4662,9.5
4663,9.49
4664,9.62
4665,9.05
4666,8.53
4667,9.32
4668,9.75
4669,9.92
4670,10.09
4671,9.99
4672,9.29
4673,9.74
4674,10.09
4675,10.02
4676,10.07
4677,10.09
4678,10.09
4679,10.09
4680,10.06
4681,9.45
4682,9.9
4683,10.11
4684,9.83
4685,8.09
4686,8.2
4687,9.82
4688,9.83
4689,9.35
4690,9.42
4691,9.4
4692,9.69
4693,9.61
4694,10.12
4695,10.08
4696,9.97
4697,9.72
4698,9.25
4699,8.35
4700,7.91
4701,4.67
4702,7.55
4703,8.34
4704,7.27
4705,7.7
4706,2.16
4707,1.07
4708,1.07
4709,1.01
4710,0.96
4711,1.18
4712,0.86
4713,0.05
4714,0.01
4715,0.0
4716,0.39
4717,0.3
4718,0.08
4719,0.03
4720,0.0
4721,0.0
4722,0.0
4723,0.0
4724,0.0
4725,0.0
4726,0.0
4727,0.0
4728,0.0
4729,0.0
4730,0.0
4731,0.01
4732,0.04
4733,0.03
4734,0.01
4735,0.21
4736,0.12
4737,0.07
4738,0.8
4739,0.98
4740,1.35
4741,1.1
4742,1.08
4743,1.15
4744,0.76
4745,1.25
4746,0.94
4747,0.57
4748,0.52
4749,0.14
4750,0.01
4751,0.02
4752,0.02
4753,0.0
4754,0.13
4755,0.49
4756,0.94
4757,0.76
4758,0.45
4759,0.74
4760,0.43
4761,0.07
4762,0.02
4763,0.0
4764,0.0
4765,0.0
4766,0.0
4767,0.0
4768,0.22
4769,0.07
4770,0.0
4771,0.0
4772,0.0
4773,0.0
4774,0.0
4775,0.0
4776,0.0
4777,0.0
4778,0.0
4779,0.0
4780,0.0
4781,0.0
4782,0.0
4783,0.0
4784,0.0
4785,0.0
4786,0.0
4787,0.0
4788,0.0
4789,0.02
4790,0.0
4791,0.0
4792,0.0
4793,0.0
4794,0.0
4795,0.0
4796,0.0
4797,0.65
4798,2.15
4799,1.33
4800,0.83
4801,0.38
4802,1.5
4803,5.87
4804,2.97
4805,1.16
4806,0.62
4807,1.59
4808,0.49
4809,0.8
4810,1.91
4811,2.66
4812,5.76
4813,4.13
4814,4.15
4815,6.18
4816,0.94
4817,1.44
4818,1.42
4819,0.98
4820,0.7
4821,0.36
4822,0.5
4823,0.47
4824,1.06
4825,0.56
4826,0.06
4827,0.57
4828,0.96
4829,0.64
4830,0.53
4831,0.39
4832,0.36
4833,0.25
4834,0.19
4835,0.16
4836,0.07
4837,0.01
4838,0.0
4839,0.5
4840,0.52
4841,0.31
4842,0.65
4843,0.24
4844,0.09
4845,0.03
4846,0.08
4847,0.26
4848,0.13
4849,0.72
4850,0.44
4851,0.17
4852,0.39
4853,0.38
4854,0.14
4855,0.28
4856,0.16
4857,0.1
4858,0.07
4859,0.14
4860,0.07
4861,0.27
4862,1.97
4863,1.73
4864,0.08
4865,0.92
4866,1.7
4867,0.68
4868,0.95
4869,0.3
4870,0.7
4871,0.97
4872,0.62
4873,0.82
4874,0.17
4875,0.02
4876,0.01
4877,0.05
4878,0.28
4879,0.05
4880,0.01
4881,0.0
4882,0.85
4883,1.14
4884,1.59
4885,3.98
4886,3.78
4887,6.17
4888,7.37
4889,7.54
4890,7.57
4891,7.56
4892,7.57
4893,7.57
4894,7.58
4895,7.55
4896,7.58
4897,7.22
4898,1.89
4899,1.64
4900,2.43
4901,1.19
4902,2.78
4903,2.0
4904,1.56
4905,1.11
4906,0.39
4907,0.27
4908,1.54
4909,1.22
4910,0.85
4911,0.13
4912,0.01
4913,0.0
4914,0.0
4915,0.0
4916,0.0
4917,0.0
4918,0.01
4919,0.03
4920,0.18
4921,0.65
4922,0.61
4923,0.55
4924,0.27
4925,0.13
4926,0.01
4927,0.01
4928,0.0
4929,0.11
4930,0.99
4931,0.21
4932,0.76
4933,1.14
4934,1.42
4935,2.46
4936,2.62
4937,2.82
4938,4.28
4939,4.73
4940,5.8
4941,5.6
4942,3.33
4943,2.45
4944,2.24
4945,1.95
4946,3.98
4947,9.72
4948,5.35
4949,6.32
4950,5.09
4951,4.4
4952,5.1
4953,2.95
4954,2.13
4955,5.22
4956,7.21
4957,8.33
4958,9.92
4959,10.13
4960,10.12
4961,10.12
4962,5.66
4963,2.3
4964,3.46
4965,1.25
4966,0.45
4967,1.32
4968,1.52
4969,3.08
4970,2.59
4971,1.96
4972,1.56
4973,0.12
4974,0.0
4975,0.05
4976,0.11
4977,0.03
4978,0.0
4979,0.02
4980,0.0
4981,0.02
4982,0.03
4983,0.03
4984,0.0
4985,0.0
4986,0.0
4987,0.0
4988,0.0
4989,0.0
4990,0.0
4991,0.0
4992,0.0
4993,0.0
4994,0.0
4995,0.1
4996,0.37
4997,0.82
4998,1.99
4999,2.24
5000,4.79
5001,9.65
5002,8.02
5003,7.64
5004,2.22
5005,9.46
5006,5.46
5007,0.66
5008,1.1
5009,1.22
5010,1.12
5011,0.74
5012,0.5
5013,1.12
5014,3.15
5015,2.42
5016,6.12
5017,2.66
5018,1.68
5019,3.21
5020,1.4
5021,0.97
5022,1.44
5023,1.48
5024,1.43
5025,0.92
5026,1.88
5027,3.59
5028,3.04
5029,3.64
5030,4.14
5031,3.16
5032,5.13
5033,8.52
5034,8.53
5035,8.42
5036,9.5
5037,9.31
5038,6.94
5039,5.7
5040,5.44
5041,4.86
5042,2.82
5043,4.73
5044,4.24
5045,3.96
5046,3.89
5047,3.37
5048,2.75
5049,3.56
5050,6.25
5051,6.17
5052,7.42
5053,7.48
5054,7.31
5055,7.07
5056,5.88
5057,6.1
5058,6.64
5059,5.8
5060,6.6
5061,5.01
5062,7.28
5063,6.85
5064,6.44
5065,6.01
5066,5.91
5067,3.85
5068,5.43
5069,5.77
5070,4.87
5071,2.74
5072,1.45
5073,1.05
5074,2.29
5075,2.12
5076,2.56
5077,0.82
5078,0.54
5079,0.67
5080,0.49
5081,0.21
5082,0.01
5083,0.03
5084,0.07
5085,0.09
5086,0.04
5087,0.17
5088,0.17
5089,0.16
5090,0.51
5091,0.51
5092,0.75
5093,0.25
5094,0.44
5095,0.64
5096,0.82
5097,1.09
5098,0.74
5099,3.09
5100,5.6
5101,7.37
5102,7.78
5103,7.51
5104,7.35
5105,4.46
5106,2.0
5107,2.51
5108,3.26
5109,3.34
5110,2.23
5111,0.96
5112,0.75
5113,1.87
5114,2.81
5115,1.86
5116,3.06
5117,3.52
5118,5.2
5119,4.73
5120,4.19
5121,5.54
5122,1.14
5123,1.12
5124,1.25
5125,1.11
5126,2.05
5127,2.47
5128,3.4
5129,3.87
5130,2.52
5131,2.1
5132,4.11
5133,5.78
5134,6.36
5135,3.3
5136,4.73
5137,5.12
5138,7.52
5139,6.02
5140,5.89
5141,5.39
5142,6.12
5143,4.23
5144,2.53
5145,1.63
5146,2.66
5147,1.74
5148,1.72
5149,0.88
5150,0.54
5151,0.41
5152,0.76
5153,0.96
5154,0.15
5155,0.02
5156,0.0
5157,0.0
5158,0.0
5159,0.0
5160,0.0
5161,0.0
5162,0.0
5163,0.0
5164,0.0
5165,0.0
5166,0.03
5167,0.02
5168,0.0
5169,0.0
5170,0.0
5171,0.0
5172,0.0
5173,0.0
5174,0.0
5175,0.0
5176,0.0
5177,0.0
5178,0.0
5179,0.0
5180,0.0
5181,0.0
5182,0.0
5183,0.0
5184,0.0
5185,0.37
5186,0.14
5187,0.13
5188,0.59
5189,0.07
5190,0.52
5191,0.71
5192,1.63
5193,1.87
5194,1.78
5195,2.8
5196,2.88
5197,3.07
5198,1.69
5199,1.66
5200,3.18
5201,3.8
5202,3.85
5203,3.31
5204,4.12
5205,3.26
5206,4.13
5207,4.7
5208,3.84
5209,5.01
5210,4.69
5211,5.96
5212,3.37
5213,2.41
5214,4.19
5215,2.63
5216,2.93
5217,5.07
5218,3.87
5219,5.61
5220,4.18
5221,4.62
5222,3.08
5223,2.81
5224,5.44
5225,4.65
5226,6.24
5227,5.81
5228,6.54
5229,5.8
5230,3.68
5231,3.42
5232,2.26
5233,1.84
5234,1.35
5235,1.95
5236,1.5
5237,1.54
5238,1.12
5239,0.25
5240,0.04
5241,0.01
5242,0.0
5243,0.0
5244,0.0
5245,0.0
5246,0.0
5247,0.0
5248,0.0
5249,0.0
5250,0.01
5251,0.03
5252,0.0
5253,0.0
5254,0.07
5255,0.0
5256,0.03
5257,0.12
5258,0.0
5259,0.41
5260,0.28
5261,0.92
5262,0.56
5263,0.72
5264,3.61
5265,4.83
5266,3.86
5267,4.19
5268,4.07
5269,2.41
5270,3.25
5271,3.47
5272,4.11
5273,3.14
5274,2.62
5275,4.28
5276,6.86
5277,4.32
5278,4.53
5279,4.16
5280,1.51
5281,2.99
5282,2.51
5283,1.16
5284,1.22
5285,0.62
5286,0.13
5287,0.0
5288,0.0
5289,0.0
5290,0.0
5291,0.0
5292,0.06
5293,0.04
5294,0.11
5295,2.56
5296,3.26
5297,4.36
5298,4.31
5299,3.51
5300,2.09
5301,5.99
5302,7.79
5303,8.3
5304,6.17
5305,3.86
5306,5.95
5307,5.44
5308,6.46
5309,5.1
5310,5.4
5311,4.84
5312,2.98
5313,4.54
5314,2.1
5315,3.6
5316,3.26
5317,4.21
5318,3.33
5319,2.64
5320,3.75
5321,4.27
5322,2.62
5323,3.69
5324,4.44
5325,3.38
5326,2.71
5327,3.96
5328,5.04
5329,3.75
5330,3.16
5331,5.88
5332,6.6
5333,9.27
5334,7.13
5335,8.68
5336,9.45
5337,9.0
5338,7.26
5339,8.26
5340,9.48
5341,7.71
5342,7.16
5343,2.83
5344,9.34
5345,9.99
5346,9.54
5347,9.1
5348,7.71
5349,7.38
5350,7.85
5351,0.0
5352,0.0
5353,0.37
5354,0.14
5355,0.13
5356,0.59
5357,0.07
5358,0.52
5359,0.71
5360,1.63
5361,1.87
5362,1.78
5363,2.8
5364,2.88
5365,3.07
5366,1.69
5367,1.66
5368,3.18
5369,3.8
5370,3.85
5371,3.31
5372,4.12
5373,3.26
5374,4.13
5375,4.7
5376,3.84
5377,5.01
5378,4.69
5379,5.96
5380,3.37
5381,2.41
5382,4.19
5383,2.63
5384,2.93
5385,5.07
5386,3.87
5387,5.61
5388,4.18
5389,4.62
5390,3.08
5391,2.81
5392,5.44
5393,4.65
5394,6.24
5395,5.81
5396,6.54
5397,5.8
5398,3.68
5399,0.0
5400,0.0
5401,0.0
5402,0.0
5403,0.0
5404,0.0
5405,0.0
5406,0.0
5407,0.0
5408,0.0
5409,0.0
5410,0.0
5411,0.0
5412,0.0
5413,0.0
5414,0.0
5415,0.0
5416,0.0
5417,0.0
5418,0.0
5419,0.0
5420,0.0
5421,0.0
5422,0.0
5423,0.0
5424,0.0
5425,0.0
5426,0.0
5427,0.0
5428,0.0
5429,0.0
5430,0.0
5431,0.0
5432,0.0
5433,0.0
5434,0.0
5435,0.0
5436,0.0
5437,0.0
5438,0.0
5439,0.0
5440,0.0
5441,0.0
5442,0.0
5443,0.0
5444,0.0
5445,0.0
5446,0.0
5447,0.0
5448,0.0
5449,0.0
5450,0.0
5451,0.0
5452,0.0
5453,0.0
5454,0.0
5455,0.0
5456,0.0
5457,0.0
5458,0.0
5459,0.0
5460,0.0
5461,0.0
5462,0.0
5463,0.0
5464,0.0
5465,0.0
5466,0.0
5467,0.0
5468,0.0
5469,0.0
5470,0.0
5471,0.0
5472,0.0
5473,0.0
5474,0.0
5475,0.0
5476,0.0
5477,0.0
5478,0.0
5479,0.0
5480,0.0
5481,0.0
5482,0.0
5483,0.0
5484,0.0
5485,0.0
5486,0.0
5487,0.0
5488,0.0
5489,0.0
5490,0.0
5491,0.0
5492,0.0
5493,0.0
5494,0.0
5495,0.0
5496,0.0
5497,0.0
5498,0.0
5499,0.0
5500,0.0
5501,0.0
5502,0.0
5503,0.0
5504,0.0
5505,0.0
5506,0.0
5507,0.0
5508,0.0
5509,0.0
5510,0.0
5511,0.0
5512,0.0
5513,0.0
5514,0.0
5515,0.0
5516,0.0
5517,0.0
5518,0.0
5519,0.0
5520,0.0
5521,0.0
5522,0.0
5523,0.0
5524,0.0
5525,0.0
5526,0.0
5527,0.0
5528,0.0
5529,0.0
5530,0.0
5531,0.0
5532,0.0
5533,0.0
5534,0.0
5535,0.0
5536,0.0
5537,0.0
5538,0.0
5539,0.0
5540,0.0
5541,0.0
5542,0.0
5543,0.0
5544,0.0
5545,0.0
5546,0.0
5547,0.0
5548,0.0
5549,0.0
5550,0.0
5551,0.0
5552,0.0
5553,0.0
5554,0.0
5555,0.0
5556,0.0
5557,0.0
5558,0.0
5559,0.0
5560,0.0
5561,0.0
5562,0.0
5563,0.0
5564,0.0
5565,0.0
5566,0.0
5567,0.0
5568,0.0
5569,0.0
5570,0.0
5571,0.0
5572,0.0
5573,0.0
5574,0.0
5575,0.0
5576,0.0
5577,0.0
5578,0.0
5579,0.0
5580,0.0
5581,0.0
5582,0.0
5583,0.0
5584,0.0
5585,0.0
5586,0.0
5587,0.0
5588,0.0
5589,0.0
5590,0.0
5591,0.0
5592,0.0
5593,0.0
5594,0.0
5595,0.0
5596,0.0
5597,0.0
5598,0.0
5599,0.0
5600,0.0
5601,0.0
5602,0.0
5603,0.0
5604,0.0
5605,0.0
5606,0.0
5607,0.0
5608,0.0
5609,0.0
5610,0.0
5611,0.0
5612,0.0
5613,0.0
5614,0.0
5615,0.0
5616,0.0
5617,0.06
5618,0.35
5619,0.0
5620,0.0
5621,0.0
5622,0.0
5623,0.02
5624,0.13
5625,0.17
5626,0.35
5627,0.49
5628,0.46
5629,0.2
5630,0.01
5631,0.0
5632,0.0
5633,0.0
5634,0.0
5635,0.0
5636,0.0
5637,0.0
5638,0.0
5639,0.04
5640,0.01
5641,0.0
5642,0.03
5643,0.0
5644,0.14
5645,0.58
5646,0.11
5647,0.15
5648,1.54
5649,1.26
5650,1.03
5651,0.68
5652,0.83
5653,1.42
5654,1.64
5655,2.76
5656,1.54
5657,1.13
5658,1.97
5659,1.83
5660,0.9
5661,2.18
5662,2.54
5663,3.24
5664,2.3
5665,0.82
5666,1.47
5667,2.26
5668,2.81
5669,2.98
5670,2.86
5671,3.09
5672,2.58
5673,1.9
5674,1.74
5675,0.87
5676,0.67
5677,0.44
5678,0.82
5679,0.83
5680,1.45
5681,1.68
5682,2.24
5683,3.07
5684,2.81
5685,2.25
5686,2.2
5687,2.83
5688,4.47
5689,4.44
5690,5.24
5691,4.39
5692,6.04
5693,5.31
5694,5.7
5695,7.81
5696,8.2
5697,7.95
5698,5.78
5699,7.44
5700,6.68
5701,7.52
5702,8.33
5703,7.74
5704,7.94
5705,9.74
5706,10.11
5707,10.12
5708,10.11
5709,9.75
5710,9.41
5711,10.11
5712,7.32
5713,4.15
5714,4.63
5715,4.47
5716,4.11
5717,2.86
5718,2.13
5719,2.98
5720,1.92
5721,0.98
5722,0.98
5723,0.78
5724,0.54
5725,0.79
5726,0.26
5727,0.6
5728,0.76
5729,1.03
5730,1.58
5731,0.87
5732,1.87
5733,1.52
5734,0.57
5735,0.34
5736,0.13
5737,0.1
5738,0.0
5739,0.0
5740,0.0
5741,0.0
5742,0.0
5743,0.0
5744,0.0
5745,0.0
5746,0.0
5747,0.0
5748,0.0
5749,0.0
5750,0.0
5751,0.0
5752,0.0
5753,0.02
5754,0.12
5755,0.26
5756,0.11
5757,0.03
5758,0.0
5759,0.14
5760,0.14
5761,0.06
5762,0.01
5763,0.0
5764,0.0
5765,0.0
5766,0.01
5767,0.0
5768,0.0
5769,0.0
5770,0.0
5771,0.0
5772,0.02
5773,0.08
5774,0.06
5775,0.0
5776,0.0
5777,0.0
5778,0.0
5779,0.0
5780,0.02
5781,0.03
5782,0.17
5783,0.09
5784,0.03
5785,0.05
5786,0.02
5787,0.1
5788,0.06
5789,0.03
5790,0.0
5791,0.07
5792,0.42
5793,0.07
5794,0.14
5795,0.79
5796,3.44
5797,2.65
5798,2.72
5799,3.18
5800,4.56
5801,4.91
5802,4.51
5803,5.33
5804,4.9
5805,4.57
5806,4.02
5807,4.29
5808,4.15
5809,4.43
5810,4.67
5811,3.65
5812,2.67
5813,2.62
5814,2.57
5815,2.39
5816,2.32
5817,3.62
5818,3.89
5819,2.44
5820,1.91
5821,1.77
5822,1.82
5823,3.4
5824,3.25
5825,2.78
5826,2.57
5827,2.63
5828,2.26
5829,1.85
5830,2.79
5831,3.46
5832,4.84
5833,3.33
5834,2.69
5835,1.75
5836,5.77
5837,3.24
5838,3.85
5839,2.64
5840,9.27
5841,9.22
5842,9.92
5843,10.14
5844,9.89
5845,8.73
5846,8.24
5847,7.33
5848,5.54
5849,6.22
5850,4.42
5851,4.57
5852,4.55
5853,3.46
5854,3.15
5855,2.36
5856,4.73
5857,3.1
5858,3.07
5859,3.41
5860,4.63
5861,5.69
5862,5.44
5863,5.44
5864,5.24
5865,6.76
5866,7.74
5867,7.87
5868,7.54
5869,7.25
5870,7.15
5871,6.63
5872,5.93
5873,5.08
5874,3.72
5875,3.76
5876,4.59
5877,4.2
5878,4.11
5879,3.54
5880,2.75
5881,2.59
5882,3.01
5883,1.56
5884,1.36
5885,1.88
5886,1.4
5887,1.43
5888,0.83
5889,1.69
5890,1.65
5891,1.69
5892,1.78
5893,1.77
5894,2.64
5895,3.06
5896,4.37
5897,6.2
5898,7.3
5899,10.13
5900,9.23
5901,8.53
5902,10.14
5903,10.12
5904,9.03
5905,10.01
5906,10.11
5907,10.11
5908,9.8
5909,10.12
5910,8.07
5911,7.57
5912,6.01
5913,7.57
5914,7.56
5915,6.18
5916,4.79
5917,5.0
5918,5.07
5919,5.1
5920,5.1
5921,5.09
5922,5.09
5923,5.1
5924,5.1
5925,4.85
5926,4.91
5927,5.05
5928,5.04
5929,4.73
5930,4.64
5931,4.27
5932,3.67
5933,3.44
5934,3.4
5935,2.83
5936,2.7
5937,4.69
5938,5.95
5939,5.84
5940,7.54
5941,7.18
5942,7.56
5943,7.49
5944,8.2
5945,9.12
5946,9.52
5947,9.81
5948,9.9
5949,9.66
5950,8.54
5951,8.03
5952,8.25
5953,6.97
5954,7.74
5955,8.02
5956,6.88
5957,7.9
5958,8.16
5959,7.67
5960,5.79
5961,6.82
5962,5.71
5963,5.5
5964,3.82
5965,3.11
5966,3.67
5967,3.83
5968,3.59
5969,2.47
5970,3.32
5971,4.32
5972,5.42
5973,6.16
5974,8.62
5975,6.55
5976,8.24
5977,6.49
5978,9.91
5979,9.76
5980,10.14
5981,10.12
5982,10.1
5983,10.02
5984,9.38
5985,10.05
5986,9.04
5987,9.72
5988,10.05
5989,9.57
5990,9.64
5991,10.08
5992,9.8
5993,10.1
5994,8.68
5995,7.81
5996,1.7
5997,1.72
5998,8.02
5999,3.47
6000,4.26
6001,6.5
6002,9.57
6003,9.88
6004,9.76
6005,10.09
6006,10.1
6007,10.1
6008,10.1
6009,8.74
6010,8.81
6011,10.05
6012,9.82
6013,8.67
6014,9.81
6015,9.7
6016,10.12
6017,9.85
6018,8.35
6019,10.11
6020,10.11
6021,9.98
6022,9.95
6023,8.73
6024,8.93
6025,9.49
6026,8.41
6027,8.33
6028,7.9
6029,9.67
6030,9.85
6031,8.56
6032,9.24
6033,7.42
6034,8.16
6035,8.9
6036,8.44
6037,7.77
6038,7.88
6039,6.82
6040,4.88
6041,5.53
6042,5.6
6043,6.13
6044,5.83
6045,6.04
6046,5.66
6047,5.71
6048,8.44
6049,8.52
6050,9.16
6051,7.23
6052,6.54
6053,8.5
6054,4.96
6055,9.14
6056,9.88
6057,10.13
6058,9.9
6059,8.79
6060,8.33
6061,6.52
6062,5.85
6063,7.35
6064,5.52
6065,7.32
6066,7.2
6067,4.33
6068,4.91
6069,4.81
6070,8.4
6071,8.65
6072,6.85
6073,7.55
6074,7.6
6075,7.56
6076,6.87
6077,7.01
6078,8.09
6079,8.89
6080,8.3
6081,10.07
6082,10.09
6083,9.05
6084,10.11
6085,9.96
6086,10.04
6087,9.95
6088,7.81
6089,9.3
6090,10.11
6091,9.1
6092,10.06
6093,9.95
6094,10.03
6095,9.14
6096,9.75
6097,9.98
6098,10.06
6099,10.01
6100,10.07
6101,10.08
6102,10.0
6103,9.5
6104,9.28
6105,8.81
6106,9.27
6107,8.83
6108,8.71
6109,9.33
6110,9.75
6111,9.86
6112,9.92
6113,9.76
6114,9.74
6115,9.7
6116,7.59
6117,7.05
6118,6.13
6119,4.8
6120,5.36
6121,4.03
6122,3.26
6123,4.11
6124,5.02
6125,6.73
6126,6.41
6127,6.31
6128,8.25
6129,8.81
6130,9.3
6131,9.02
6132,8.86
6133,8.91
6134,8.34
6135,8.46
6136,7.62
6137,8.12
6138,8.47
6139,8.6
6140,7.08
6141,5.71
6142,4.24
6143,5.36
6144,6.08
6145,8.0
6146,7.7
6147,8.29
6148,8.64
6149,9.55
6150,7.83
6151,9.5
6152,9.95
6153,9.5
6154,9.53
6155,9.9
6156,9.94
6157,10.06
6158,9.96
6159,10.07
6160,10.03
6161,9.86
6162,10.09
6163,10.03
6164,10.09
6165,9.07
6166,9.06
6167,8.32
6168,8.15
6169,7.61
6170,8.86
6171,7.46
6172,6.82
6173,7.41
6174,5.67
6175,6.72
6176,7.21
6177,4.48
6178,3.07
6179,2.81
6180,5.19
6181,5.64
6182,5.16
6183,3.29
6184,4.66
6185,5.09
6186,3.95
6187,3.54
6188,2.13
6189,1.87
6190,2.85
